mainGtU,0x4020ad,40554224091,50841127,0,0x402968,1,start_bbl_list,0x4020ad,0x4020ee,0x4020ff,0x40212e,0x40213f,0x40216e,0x40217f,0x4021ae,0x4021bf,0x4021ee,0x4021ff,0x40222e,0x40223f,0x40226e,0x40227f,0x4022ae,0x4022bf,0x4022ee,0x4022ff,0x40232e,0x40233f,0x40236e,0x40237f,0x4023ae,0x4023bf,0x4023f7,0x402408,0x40243a,0x40244c,0x40247b,0x40248c,0x4024be,0x4024d0,0x4024ff,0x402510,0x402542,0x402554,0x402583,0x402594,0x4025c6,0x4025d8,0x402607,0x402618,0x40264a,0x40265c,0x40268b,0x40269c,0x4026ce,0x4026e0,0x40270f,0x402720,0x402752,0x402764,0x402793,0x4027a4,0x4027d6,0x4027e5,0x4027f3,0x4027f4,0x4027f4,0x4027f5,0x402801,0x402802,0x402802,0x402803,0x402820,0x402821,0x402825,0x402826,0x40282c,0x4020ef,0x4020ef,0x4020f0,0x4020fa,0x4020fb,0x4020fe,0x40212f,0x40212f,0x402130,0x40213a,0x40213b,0x40213e,0x40216f,0x40216f,0x402170,0x40217a,0x40217b,0x40217e,0x4021af,0x4021af,0x4021b0,0x4021ba,0x4021bb,0x4021be,0x4021ef,0x4021ef,0x4021f0,0x4021fa,0x4021fb,0x4021fe,0x40222f,0x40222f,0x402230,0x40223a,0x40223b,0x40223e,0x40226f,0x40226f,0x402270,0x40227a,0x40227b,0x40227e,0x4022af,0x4022af,0x4022b0,0x4022ba,0x4022bb,0x4022be,0x4022ef,0x4022ef,0x4022f0,0x4022fa,0x4022fb,0x4022fe,0x40232f,0x40232f,0x402330,0x40233a,0x40233b,0x40233e,0x40236f,0x40236f,0x402370,0x40237a,0x40237b,0x40237e,0x4023af,0x4023af,0x4023b0,0x4023ba,0x4023bb,0x4023be,0x4023f8,0x4023f8,0x4023f9,0x402403,0x402404,0x402407,0x40243b,0x40243b,0x40243c,0x402447,0x402448,0x40244b,0x40247c,0x40247c,0x40247d,0x402487,0x402488,0x40248b,0x4024bf,0x4024bf,0x4024c0,0x4024cb,0x4024cc,0x4024cf,0x402500,0x402500,0x402501,0x40250b,0x40250c,0x40250f,0x402543,0x402543,0x402544,0x40254f,0x402550,0x402553,0x402584,0x402584,0x402585,0x40258f,0x402590,0x402593,0x4025c7,0x4025c7,0x4025c8,0x4025d3,0x4025d4,0x4025d7,0x402608,0x402608,0x402609,0x402613,0x402614,0x402617,0x40264b,0x40264b,0x40264c,0x402657,0x402658,0x40265b,0x40268c,0x40268c,0x40268d,0x402697,0x402698,0x40269b,0x4026cf,0x4026cf,0x4026d0,0x4026db,0x4026dc,0x4026df,0x402710,0x402710,0x402711,0x40271b,0x40271c,0x40271f,0x402753,0x402753,0x402754,0x40275f,0x402760,0x402763,0x402794,0x402794,0x402795,0x40279f,0x4027a0,0x4027a3,0x4027d7,0x4027d7,0x4027d8,0x4027e3,0x4027e4,0x4027e4,end_bbl_list,start_cond_end_list,0x4020ee,0x4020fa,0x40212e,0x40213a,0x40216e,0x40217a,0x4021ae,0x4021ba,0x4021ee,0x4021fa,0x40222e,0x40223a,0x40226e,0x40227a,0x4022ae,0x4022ba,0x4022ee,0x4022fa,0x40232e,0x40233a,0x40236e,0x40237a,0x4023ae,0x4023ba,0x4023f7,0x402403,0x40243a,0x402447,0x40247b,0x402487,0x4024be,0x4024cb,0x4024ff,0x40250b,0x402542,0x40254f,0x402583,0x40258f,0x4025c6,0x4025d3,0x402607,0x402613,0x40264a,0x402657,0x40268b,0x402697,0x4026ce,0x4026db,0x40270f,0x40271b,0x402752,0x40275f,0x402793,0x40279f,0x4027d6,0x4027e3,0x4027f3,0x4027f8,0x402801,0x402806,end_cond_end_list
mainQSort3,0x402bdd,4945324627,11244,0,0x403d62,1,start_bbl_list,0x402bdd,0x402c4f,0x402c50,0x402c53,0x402c54,0x402c58,0x402c64,0x402ca2,0x402caa,0x402cdf,0x402ce0,0x402ce3,0x402ce4,0x402cec,0x403435,0x403436,0x402c59,0x402c59,0x402c5a,0x402c5f,0x402c60,0x402c63,0x402ca3,0x402ca3,0x402ca4,0x402ca8,0x402cf7,0x402d92,0x402d93,0x402d96,0x402d97,0x402dbb,0x402dc2,0x402dfc,0x402e76,0x402e7a,0x402e7e,0x402e82,0x402e83,0x402e86,0x402e87,0x402e8d,0x402e94,0x402ece,0x402f48,0x402f4c,0x402f50,0x402f54,0x402f55,0x402f58,0x402f59,0x402f5f,0x402f70,0x402fe2,0x402fe3,0x402fe6,0x402fe7,0x40301b,0x40301c,0x40301f,0x403020,0x403053,0x403054,0x403054,0x403055,0x4030cf,0x4030d0,0x4030d0,0x4030d1,0x403107,0x403108,0x403108,0x403109,0x403183,0x403184,0x403184,0x403185,0x403213,0x403214,0x403218,0x403219,0x403225,0x403226,0x403226,0x403227,0x4032a3,0x4032a4,0x4032a4,0x4032a5,0x403321,0x40337d,0x40342f,0x403430,0x403434,0x402ca9,0x402ca9,0x402ced,0x402cf1,0x402cf2,0x402cf2,0x402cf3,0x402cf6,0x402dbc,0x402dbc,0x402dbd,0x402dbd,0x402dbe,0x402dc1,0x402dfd,0x402dfd,0x402dfe,0x402e71,0x402e72,0x402e75,0x402e7b,0x402e7b,0x402e7c,0x402e7c,0x402e7d,0x402e7d,0x402e8e,0x402e8e,0x402e8f,0x402e8f,0x402e90,0x402e93,0x402ecf,0x402ecf,0x402ed0,0x402f43,0x402f44,0x402f47,0x402f4d,0x402f4d,0x402f4e,0x402f4e,0x402f4f,0x402f4f,0x402f60,0x402f60,0x402f61,0x402f68,0x402f69,0x402f6d,0x402f6e,0x402f6e,0x402f6f,0x402f6f,0x403322,0x403322,0x403323,0x4033d2,end_bbl_list,start_cond_end_list,0x402c58,0x402c5f,0x402ca2,0x402ca8,0x402cec,0x40342f,0x402ca8,0x402cf2,0x402dbb,0x402dbd,0x402dfc,0x402e71,0x402e7a,0x402e7c,0x402e8d,0x402e8f,0x402ece,0x402f43,0x402f4c,0x402f4e,0x402f5f,0x402f6e,0x403225,0x40327b,0x4032a3,0x4032f9,0x403321,0x403377,0x402f68,0x40301b,end_cond_end_list
mainSimpleSort,0x40282d,2537059848,511272,0,0x402cdf,1,start_bbl_list,0x40282d,0x402860,0x402867,0x40286e,0x40286f,0x40286f,0x402870,0x402883,0x402884,0x402884,0x402885,0x402889,0x40288a,0x40288d,0x40288e,0x4028ae,0x4028b5,0x4028d4,0x402921,0x402968,0x402969,0x40296c,0x40296d,0x40296f,0x402970,0x402974,0x402975,0x402998,0x40299f,0x4029be,0x402a0b,0x402a52,0x402a53,0x402a56,0x402a57,0x402a59,0x402a5a,0x402a5e,0x402a5f,0x402a82,0x402a89,0x402aa8,0x402af5,0x402b3c,0x402b3d,0x402b40,0x402b41,0x402b43,0x402b44,0x402b48,0x402b49,0x402b6e,0x402b72,0x402b72,0x402b73,0x402b76,0x402b77,0x402b7f,0x402b80,0x402b84,0x402b85,0x402b86,0x402861,0x402861,0x402862,0x402862,0x402863,0x402866,0x4028af,0x4028af,0x4028b0,0x4028b0,0x4028b1,0x4028b4,0x4028d5,0x4028d5,0x4028d6,0x40291d,0x40291e,0x40291e,0x40291f,0x40291f,0x402920,0x402920,0x402999,0x402999,0x40299a,0x40299a,0x40299b,0x40299e,0x4029bf,0x4029bf,0x4029c0,0x402a07,0x402a08,0x402a08,0x402a09,0x402a09,0x402a0a,0x402a0a,0x402a83,0x402a83,0x402a84,0x402a84,0x402a85,0x402a88,0x402aa9,0x402aa9,0x402aaa,0x402af1,0x402af2,0x402af2,0x402af3,0x402af3,0x402af4,0x402af4,0x402b6f,0x402b6f,0x402b70,0x402b70,0x402b71,0x402b71,end_bbl_list,start_cond_end_list,0x402860,0x402862,0x4028ae,0x4028b0,0x402998,0x40299a,0x402a82,0x402a84,0x402b6e,0x402b70,0x40291d,0x40291f,0x402a07,0x402a09,0x402af1,0x402af3,end_cond_end_list
mainSort,0x403437,2224881530,20,0,0x404359,1,start_bbl_list,0x403437,0x403473,0x403493,0x40349a,0x40349b,0x40349b,0x40349c,0x4034c1,0x4034c2,0x4034c2,0x4034c3,0x4034e2,0x4034e3,0x4034e6,0x4034e7,0x4035db,0x4035dc,0x4035dd,0x4035de,0x403671,0x403672,0x403676,0x403677,0x403677,0x403678,0x403678,0x403679,0x4036dd,0x4036de,0x4036de,0x4036df,0x4036e6,0x4036e7,0x4036e7,0x4036e8,0x40373d,0x40373e,0x40373e,0x40373f,0x403746,0x403766,0x40376d,0x40376e,0x40376e,0x40376f,0x4037c9,0x4037ca,0x4037ca,0x4037cb,0x4037eb,0x4037ec,0x4037ef,0x4037f0,0x4038fc,0x4038fd,0x4038fe,0x4038ff,0x403a02,0x403a03,0x403a07,0x403a08,0x403a08,0x403a09,0x403a0c,0x403a0d,0x403a93,0x403a94,0x403a98,0x403a99,0x403aa0,0x403aa1,0x403aa1,0x403aa2,0x403ac9,0x403aca,0x403aca,0x403acb,0x403ae8,0x403ae9,0x403ae9,0x403aea,0x403b08,0x403b09,0x403b0c,0x403b0d,0x403b22,0x403b59,0x403bf9,0x403bfa,0x403bfe,0x403bff,0x403c19,0x403c1a,0x403c1e,0x403c1f,0x403c23,0x403c24,0x403c28,0x403c29,0x403c37,0x403c38,0x403c3b,0x403c3c,0x403c52,0x403c53,0x403c56,0x403c57,0x403c5d,0x403c5e,0x403c62,0x403c63,0x403c93,0x403d86,0x403dca,0x403dcb,0x403dcf,0x403dd0,0x403ddf,0x403deb,0x403df2,0x403df3,0x403df3,0x403df4,0x403e72,0x403e73,0x403e73,0x403e74,0x403e98,0x403e99,0x403e9c,0x403e9d,0x403ec0,0x403ec1,0x403ec1,0x403ec2,0x403ef1,0x403ef2,0x403ef2,0x403ef3,0x403f3a,0x403f3b,0x403f3f,0x403f40,0x403f6a,0x403f6b,0x403f6e,0x403f6f,0x403f92,0x403f93,0x403f93,0x403f94,0x403fc3,0x403fc4,0x403fc4,0x403fc5,0x40400c,0x40400d,0x404011,0x404012,0x40402f,0x404064,0x40406b,0x40406c,0x40406c,0x40406d,0x4040c5,0x4040c6,0x4040c6,0x4040c7,0x4040db,0x4041fd,0x404208,0x404209,0x40420d,0x40420e,0x404215,0x404249,0x40424a,0x403474,0x403474,0x403475,0x40348e,0x40348f,0x403492,0x403747,0x403747,0x403748,0x403761,0x403762,0x403765,0x403b23,0x403b23,0x403b24,0x403b52,0x403b53,0x403b53,0x403b54,0x403b54,0x403b55,0x403b58,0x403c94,0x403c98,0x403c99,0x403ce8,0x403ce9,0x403ced,0x403cee,0x403cf5,0x403d2c,0x403d62,0x403d63,0x403d66,0x403d67,0x403d7f,0x403d80,0x403d80,0x403d81,0x403d81,0x403d82,0x403d85,0x403de0,0x403de0,0x403de1,0x403de6,0x403de7,0x403dea,0x404030,0x404030,0x404031,0x40403f,0x404040,0x404063,0x4040dc,0x4040e0,0x4040e1,0x40413c,0x40413d,0x40413d,0x40413e,0x404153,0x404154,0x404154,0x404155,0x40415e,0x40415f,0x40415f,0x404160,0x4041af,0x4041b0,0x4041b0,0x4041b1,0x4041db,0x4041dc,0x4041dc,0x4041dd,0x4041f1,0x4041f2,0x4041f2,0x4041f3,0x4041f8,0x4041f9,0x4041fc,0x404216,0x404216,0x404217,0x404244,0x404245,0x404248,0x403cf6,0x403cf6,0x403cf7,0x403d27,0x403d28,0x403d2b,end_bbl_list,start_cond_end_list,0x403473,0x40348e,0x403746,0x403761,0x403c5d,0x403dbd,0x403c93,0x403d81,0x403ddf,0x403de6,0x403ec0,0x403ec8,0x403ef1,0x403f25,0x403f92,0x403f9a,0x403fc3,0x403ff7,0x40402f,0x40405f,0x4040db,0x4041f8,0x404215,0x404244,0x403b52,0x403b54,0x403ce8,0x403d81,0x403cf5,0x403d27,0x403d7f,0x403d81,0x40403f,0x404058,0x4041af,0x4041d0,0x4041f1,0x4041f8,end_cond_end_list
copy_input_until_stop,0x408422,1571662308,4190,0,0x408960,1,start_bbl_list,0x408422,0x40843c,0x4085ec,0x4085fc,0x408603,0x40860f,0x408610,0x408610,0x408611,0x408611,0x4087ad,0x4087b2,0x40843d,0x408441,0x408442,0x408452,0x408459,0x408465,0x40846c,0x40848d,0x408532,0x40853c,0x40854c,0x408558,0x408566,0x40857b,0x40857c,0x40857c,0x40857d,0x4085cb,0x4085e2,0x4085e2,0x4085e3,0x4085e6,0x4085e7,0x4085e7,0x4085e8,0x4085eb,0x4085fd,0x4085fd,0x4085fe,0x4085fe,0x4085ff,0x408602,0x408612,0x4087ac,0x408453,0x408453,0x408454,0x408454,0x408455,0x408458,0x408466,0x408466,0x408467,0x408467,0x408468,0x40846b,0x40848e,0x408492,0x408493,0x40849d,0x40849e,0x4084a2,0x4084a3,0x408530,0x408531,0x408531,0x40853d,0x40853d,0x40853e,0x40854a,0x40854b,0x40854b,0x408559,0x408559,0x40855a,0x408561,0x408562,0x408565,0x4085cc,0x4085cc,0x4085cd,0x4085dd,0x4085de,0x4085e1,end_bbl_list,start_cond_end_list,0x40843c,0x4085e7,0x4085fc,0x4085fe,0x40860f,0x408611,0x408452,0x408454,0x408465,0x408467,0x40848d,0x408530,0x40853c,0x40854a,0x408558,0x408561,0x4085cb,0x4085dd,0x40849d,0x408530,0x40854a,0x40857b,end_cond_end_list
generateMTFValues,0x40c3c2,575224298,20,0,0x411c33,1,start_bbl_list,0x40c3c2,0x40c412,0x40c413,0x40c416,0x40c417,0x40c42e,0x40c42f,0x40c42f,0x40c430,0x40c455,0x40c456,0x40c456,0x40c457,0x40c46c,0x40c46d,0x40c46d,0x40c46e,0x40c490,0x40c491,0x40c491,0x40c492,0x40c499,0x40c49a,0x40c49d,0x40c49e,0x40c4be,0x40c4bf,0x40c4bf,0x40c4c0,0x40c4fe,0x40c509,0x40c50d,0x40c5b6,0x40c5db,0x40c5dc,0x40c5dc,0x40c5dd,0x40c5ee,0x40c5ef,0x40c5ef,0x40c5f0,0x40c667,0x40c668,0x40c66c,0x40c66d,0x40c671,0x40c71a,0x40c784,0x40c4ff,0x40c4ff,0x40c500,0x40c504,0x40c505,0x40c508,0x40c50e,0x40c512,0x40c513,0x40c51f,0x40c559,0x40c593,0x40c59f,0x40c5b1,0x40c5b2,0x40c5b5,0x40c672,0x40c676,0x40c677,0x40c683,0x40c6bd,0x40c6f7,0x40c703,0x40c715,0x40c716,0x40c719,0x40c520,0x40c520,0x40c521,0x40c557,0x40c558,0x40c558,0x40c594,0x40c594,0x40c595,0x40c59d,0x40c59e,0x40c59e,0x40c684,0x40c684,0x40c685,0x40c6bb,0x40c6bc,0x40c6bc,0x40c6f8,0x40c6f8,0x40c6f9,0x40c701,0x40c702,0x40c702,end_bbl_list,start_cond_end_list,0x40c4be,0x40c4ca,0x40c4fe,0x40c504,0x40c50d,0x40c5b1,0x40c671,0x40c715,0x40c51f,0x40c557,0x40c593,0x40c59d,0x40c683,0x40c6bb,0x40c6f7,0x40c701,end_cond_end_list
sendMTFValues,0x40c785,403927251,20,0,0x411c3f,1,start_bbl_list,0x40c785,0x40c7bd,0x40c7fc,0x40c813,0x40c814,0x40c814,0x40c815,0x40c81c,0x40c81d,0x40c81d,0x40c81e,0x40c857,0x40c858,0x40c858,0x40c859,0x40c861,0x40c862,0x40c862,0x40c863,0x40c872,0x40c87e,0x40c890,0x40c89b,0x40c8ad,0x40c8b8,0x40c8ca,0x40c8d5,0x40c8e7,0x40c8f2,0x40c916,0x40c917,0x40c91a,0x40c91b,0x40c935,0x40c936,0x40c936,0x40c937,0x40c95b,0x40c968,0x40c96e,0x40c96f,0x40c96f,0x40c970,0x40c976,0x40c977,0x40c977,0x40c978,0x40c97c,0x40c97d,0x40c97d,0x40c97e,0x40c99a,0x40c99b,0x40c99b,0x40c99c,0x40c9ca,0x40ca29,0x40ca30,0x40ca31,0x40ca31,0x40ca32,0x40ca38,0x40ca77,0x40cab4,0x40cab5,0x40cab9,0x40caba,0x40cad1,0x40cad2,0x40cad6,0x40cad7,0x40cade,0x40cadf,0x40cae2,0x40cae3,0x40caea,0x40caeb,0x40caeb,0x40caec,0x40cb06,0x40cb07,0x40cb07,0x40cb08,0x40cb0f,0x40cb10,0x40cb10,0x40cb11,0x40cb18,0x40cb19,0x40cb19,0x40cb1a,0x40cb54,0x40cb55,0x40cb55,0x40cb56,0x40cb60,0x40cb61,0x40cb61,0x40cb62,0x40cb66,0x40cc81,0x40cca3,0x40ccc4,0x40ccdd,0x40ccde,0x40ccde,0x40ccdf,0x40ccf9,0x40ccfa,0x40ccfa,0x40ccfb,0x40cd14,0x40cd15,0x40cd15,0x40cd16,0x40cd1a,0x40e4f5,0x40e4fb,0x40e4fc,0x40e4ff,0x40e500,0x40e521,0x40e522,0x40e522,0x40e523,0x40e57f,0x40e580,0x40e580,0x40e581,0x40e58b,0x40e58c,0x40e590,0x40e591,0x40e5a6,0x40e5a7,0x40e5a7,0x40e5a8,0x40e5bb,0x40e5bc,0x40e5bc,0x40e5bd,0x40e5e0,0x40e5e1,0x40e5e1,0x40e5e2,0x40e623,0x40fbe8,0x40fbee,0x40fbef,0x40fbef,0x40fbf0,0x40fc65,0x40fc66,0x40fc66,0x40fc67,0x40fc70,0x40fc71,0x40fcf5,0x40fcf6,0x40fcfd,0x40fcfe,0x40fcfe,0x40fcff,0x40fd58,0x40fd59,0x40fd5c,0x40fd5d,0x40fd67,0x40fd68,0x40fd68,0x40fd69,0x40fd71,0x40fd72,0x40fd76,0x40fd77,0x40fd7b,0x40fd87,0x40fd8e,0x40fd99,0x40fd9e,0x40fd9f,0x40fda2,0x40fda3,0x40fdaa,0x40fdab,0x40fdab,0x40fdac,0x40fdc7,0x40fdc8,0x40fdc8,0x40fdc9,0x40fdd0,0x40fdd1,0x40fdd4,0x40fdd5,0x40fe06,0x40fe07,0x40fe07,0x40fe08,0x40fe43,0x40fe44,0x40fe44,0x40fe45,0x40fe71,0x40fe72,0x40fe76,0x40fe77,0x40fe7e,0x40fe7f,0x40fe82,0x40fe83,0x40fe98,0x40fe99,0x40fe9c,0x40fe9d,0x40fed2,0x40fed3,0x40fed3,0x40fed4,0x40ff3e,0x40ff3f,0x40ff3f,0x40ff40,0x40ff7f,0x40ff80,0x40ff84,0x40ff85,0x40ff89,0x40ff95,0x40ff99,0x40ffa5,0x410004,0x410005,0x410008,0x410009,0x410013,0x410014,0x410018,0x410019,0x410020,0x410021,0x410021,0x410022,0x410036,0x410037,0x410037,0x410038,0x410058,0x410059,0x410059,0x41005a,0x41006f,0x410070,0x410070,0x410071,0x410079,0x41007a,0x41007a,0x41007b,0x410092,0x410093,0x410093,0x410094,0x4100a3,0x4100c0,0x4100d4,0x4100d5,0x4100d8,0x4100d9,0x4100e1,0x4100e2,0x4100e2,0x4100e3,0x4100ea,0x4100eb,0x4100eb,0x4100ec,0x4100fb,0x410166,0x41016e,0x41016f,0x410173,0x410174,0x410184,0x4101b1,0x4101d3,0x4101d4,0x4101d7,0x4101d8,0x4101ea,0x4101eb,0x4101ee,0x4101ef,0x4101f6,0x4101f7,0x4101f7,0x4101f8,0x4101ff,0x410200,0x410200,0x410201,0x410215,0x410216,0x410219,0x41021a,0x410238,0x410239,0x410239,0x41023a,0x41024e,0x41024f,0x410252,0x410253,0x41025d,0x41025e,0x41025e,0x41025f,0x41026f,0x41029c,0x4102b3,0x4102b4,0x4102b7,0x4102b8,0x4102f6,0x4102f7,0x4102fa,0x4102fb,0x410302,0x410303,0x410306,0x410307,0x410307,0x410308,0x410308,0x410309,0x41031d,0x41031e,0x410321,0x410322,0x41035b,0x41035c,0x41035c,0x41035d,0x41035d,0x41035e,0x41035e,0x41035f,0x410373,0x410374,0x410377,0x410378,0x4103b1,0x4103b2,0x4103b2,0x4103b3,0x4103c7,0x4103c8,0x4103cb,0x4103cc,0x4103d6,0x4103d7,0x4103db,0x4103dc,0x4103e6,0x4103e7,0x4103eb,0x4103ec,0x4103fc,0x410429,0x410457,0x41046b,0x410484,0x410485,0x410485,0x410486,0x4104b3,0x4104bf,0x4104c3,0x4118b8,0x4118be,0x4118bf,0x4118c2,0x4118c3,0x41197f,0x411980,0x411983,0x411984,0x41198e,0x41198f,0x411993,0x411994,0x4119a1,0x4119a2,0x4119af,0x4119b0,0x4119c0,0x4119ed,0x4119fc,0x40c7be,0x40c7be,0x40c7bf,0x40c7f7,0x40c7f8,0x40c7fb,0x40c873,0x40c873,0x40c874,0x40c879,0x40c87a,0x40c87d,0x40c891,0x40c891,0x40c892,0x40c899,0x40c89a,0x40c89a,0x40c8ae,0x40c8ae,0x40c8af,0x40c8b6,0x40c8b7,0x40c8b7,0x40c8cb,0x40c8cb,0x40c8cc,0x40c8d3,0x40c8d4,0x40c8d4,0x40c8e8,0x40c8e8,0x40c8e9,0x40c8f0,0x40c8f1,0x40c8f1,0x40c95c,0x40c95c,0x40c95d,0x40c966,0x40c967,0x40c967,0x40c9cb,0x40c9cb,0x40c9cc,0x40ca24,0x40ca25,0x40ca28,0x40ca39,0x40ca39,0x40ca3a,0x40ca40,0x40ca41,0x40ca41,0x40ca42,0x40ca75,0x40ca76,0x40ca76,0x40cb67,0x40cb6b,0x40cb6c,0x40cb73,0x40cb74,0x40cb77,0x40cb78,0x40cc7b,0x40cc7c,0x40cc80,0x40cc96,0x40cca6,0x40cca7,0x40cca7,0x40cca8,0x40ccb9,0x40ccba,0x40ccbe,0x40ccbf,0x40ccbf,0x40ccc0,0x40ccc3,0x40cd1b,0x40cd1f,0x40cd20,0x40cd2d,0x40cd2e,0x40cd32,0x40cd33,0x40ce3c,0x40ce3d,0x40ce3e,0x40ce3f,0x40cf4d,0x40cf4e,0x40cf4f,0x40cf50,0x40d05d,0x40d05e,0x40d05f,0x40d060,0x40d16d,0x40d16e,0x40d16f,0x40d170,0x40d277,0x40d278,0x40d279,0x40d27a,0x40d388,0x40d389,0x40d38a,0x40d38b,0x40d498,0x40d499,0x40d49a,0x40d49b,0x40d5a8,0x40d5a9,0x40d5aa,0x40d5ab,0x40d6b2,0x40d6b3,0x40d6b4,0x40d6b5,0x40d7c3,0x40d7c4,0x40d7c5,0x40d7c6,0x40d8d3,0x40d8d4,0x40d8d5,0x40d8d6,0x40d9e3,0x40d9e4,0x40d9e5,0x40d9e6,0x40daed,0x40daee,0x40daf3,0x40daf4,0x40dbfe,0x40dbff,0x40dc04,0x40dc05,0x40dd0e,0x40dd0f,0x40dd14,0x40dd15,0x40de1e,0x40de1f,0x40de1f,0x40de20,0x40df2c,0x40df2d,0x40df2e,0x40df2f,0x40e03d,0x40e03e,0x40e03f,0x40e040,0x40e14d,0x40e14e,0x40e14f,0x40e150,0x40e258,0x40e259,0x40e25b,0x40e25c,0x40e367,0x40e368,0x40e36d,0x40e36e,0x40e478,0x40e479,0x40e47b,0x40e47c,0x40e4f0,0x40e4f1,0x40e4f4,0x40e624,0x40e628,0x40e629,0x40e636,0x40e637,0x40e63b,0x40e63c,0x40e730,0x40e71f,0x40e818,0x40e737,0x40e82a,0x40e81b,0x40e911,0x40e82d,0x40e927,0x40e915,0x40ea0b,0x40e92a,0x40ea22,0x40ea0f,0x40eb06,0x40ea24,0x40eb1e,0x40eb0a,0x40ec02,0x40eb21,0x40ec14,0x40ec04,0x40ecfc,0x40ec1a,0x40ed11,0x40ecff,0x40edf6,0x40ed14,0x40ee0b,0x40edf9,0x40eef1,0x40ee0f,0x40ef08,0x40eef5,0x40efeb,0x40ef0b,0x40f001,0x40efee,0x40f0e6,0x40f005,0x40f0fb,0x40f0ed,0x40f1e0,0x40f0ff,0x40f1f6,0x40f1e3,0x40f2dc,0x40f1fa,0x40f2f2,0x40f2df,0x40f3d5,0x40f2f4,0x40f3ec,0x40f3d8,0x40f4d4,0x40f3ef,0x40f4e6,0x40f4d7,0x40f5ca,0x40f4e9,0x40f5e1,0x40f5d0,0x40f6c6,0x40f5e5,0x40f6db,0x40f6c9,0x40f7bf,0x40f6de,0x40f7d6,0x40f7c3,0x40f8be,0x40f7dd,0x40f8d0,0x40f8c1,0x40f9b7,0x40f8d3,0x40f9cc,0x40f9bb,0x40fab0,0x40f9cf,0x40fac5,0x40fab3,0x40fbaa,0x40fac8,0x40fbc4,0x40fbad,0x40fbe6,0x40fbe7,0x40fbe7,0x40fd7c,0x40fd7c,0x40fd7d,0x40fd82,0x40fd83,0x40fd86,0x40fd8f,0x40fd8f,0x40fd90,0x40fd97,0x40fd98,0x40fd98,0x40ff8a,0x40ff8a,0x40ff8b,0x40ff90,0x40ff91,0x40ff94,0x40ff9a,0x40ff9a,0x40ff9b,0x40ffa0,0x40ffa1,0x40ffa4,0x4100a4,0x4100a4,0x4100a5,0x4100b9,0x4100ba,0x4100bd,0x4100be,0x4100be,0x4100bf,0x4100bf,0x4100fc,0x4100fc,0x4100fd,0x410104,0x410105,0x410105,0x410106,0x410126,0x410143,0x410157,0x410158,0x41015b,0x41015c,0x410164,0x410165,0x410165,0x410185,0x410185,0x410186,0x4101ac,0x4101ad,0x4101b0,0x410270,0x410270,0x410271,0x410297,0x410298,0x41029b,0x4103fd,0x4103fd,0x4103fe,0x410424,0x410425,0x410428,0x410458,0x410458,0x410459,0x410460,0x410461,0x410465,0x410466,0x410466,0x410467,0x41046a,0x4104b4,0x4104b4,0x4104b5,0x4104ba,0x4104bb,0x4104be,0x4104c4,0x4104c8,0x4104c9,0x4104d6,0x4104d7,0x4104db,0x4104dc,0x4105bb,0x4105bc,0x4105bf,0x4105c0,0x41061e,0x41061f,0x410622,0x410623,0x410681,0x410682,0x410685,0x410686,0x4106e4,0x4106e5,0x4106e8,0x4106e9,0x410747,0x410748,0x41074b,0x41074c,0x4107aa,0x4107ab,0x4107ae,0x4107af,0x41080d,0x41080e,0x410811,0x410812,0x410870,0x410871,0x410874,0x410875,0x4108d3,0x4108d4,0x4108d7,0x4108d8,0x410936,0x410937,0x41093a,0x41093b,0x410999,0x41099a,0x41099d,0x41099e,0x4109fc,0x4109fd,0x410a00,0x410a01,0x410a5f,0x410a60,0x410a63,0x410a64,0x410ac2,0x410ac3,0x410ac6,0x410ac7,0x410b25,0x410b26,0x410b29,0x410b2a,0x410b88,0x410b89,0x410b8c,0x410b8d,0x410beb,0x410bec,0x410bef,0x410bf0,0x410c4e,0x410c4f,0x410c52,0x410c53,0x410cb1,0x410cb2,0x410cb5,0x410cb6,0x410d14,0x410d15,0x410d18,0x410d19,0x410d77,0x410d78,0x410d7b,0x410d7c,0x410dda,0x410ddb,0x410dde,0x410ddf,0x410e3d,0x410e3e,0x410e41,0x410e42,0x410ea0,0x410ea1,0x410ea4,0x410ea5,0x410f03,0x410f04,0x410f07,0x410f08,0x410f66,0x410f67,0x410f6a,0x410f6b,0x410fc9,0x410fca,0x410fcd,0x410fce,0x41102c,0x41102d,0x411030,0x411031,0x41108f,0x411090,0x411093,0x411094,0x4110f2,0x4110f3,0x4110f6,0x4110f7,0x411155,0x411156,0x411159,0x41115a,0x4111b8,0x4111b9,0x4111bc,0x4111bd,0x41121b,0x41121c,0x41121f,0x411220,0x41127e,0x41127f,0x411282,0x411283,0x4112e1,0x4112e2,0x4112e5,0x4112e6,0x411344,0x411345,0x411348,0x411349,0x4113a7,0x4113a8,0x4113ab,0x4113ac,0x41140a,0x41140b,0x41140e,0x41140f,0x41146d,0x41146e,0x411471,0x411472,0x4114d0,0x4114d1,0x4114d4,0x4114d5,0x411533,0x411534,0x411537,0x411538,0x411596,0x411597,0x41159a,0x41159b,0x4115f9,0x4115fa,0x4115fd,0x4115fe,0x41165c,0x41165d,0x411660,0x411661,0x4116bf,0x4116c0,0x4116c3,0x4116c4,0x411722,0x411723,0x411726,0x411727,0x411785,0x411786,0x411789,0x41178a,0x4117e8,0x4117e9,0x4117ec,0x4117ed,0x41184b,0x41184c,0x41184f,0x411850,0x4118ae,0x4118af,0x4118b2,0x4118b3,0x4118b3,0x4118b4,0x4118b7,0x4119c1,0x4119c1,0x4119c2,0x4119e8,0x4119e9,0x4119ec,0x410127,0x410127,0x410128,0x41013c,0x41013d,0x410140,0x410141,0x410141,0x410142,0x410142,end_bbl_list,start_cond_end_list,0x40c7bd,0x40c7f7,0x40c872,0x40c879,0x40c890,0x40c899,0x40c8ad,0x40c8b6,0x40c8ca,0x40c8d3,0x40c8e7,0x40c8f0,0x40c95b,0x40c966,0x40c96e,0x40c9b6,0x40c976,0x40c9b6,0x40c97c,0x40c9b6,0x40c99a,0x40c9b6,0x40c9ca,0x40ca24,0x40ca38,0x40ca75,0x40cb66,0x40cc7b,0x40ccdd,0x40ccef,0x40cd1a,0x40e4f0,0x40e5bb,0x40e5d3,0x40e623,0x40fbe6,0x40fd7b,0x40fd82,0x40fd8e,0x40fd97,0x40fed2,0x40ff06,0x40ff3e,0x40ff72,0x40ff89,0x40ff90,0x40ff99,0x40ffa0,0x410058,0x41005f,0x4100a3,0x4100be,0x4100fb,0x410164,0x410184,0x4101ac,0x41026f,0x410297,0x4103fc,0x410424,0x410457,0x410466,0x410484,0x410496,0x4104b3,0x4104ba,0x4104c3,0x4118b3,0x4119c0,0x4119e8,0x40ca40,0x40ca75,0x40cca6,0x40ccbf,0x40ccb9,0x40fcf1,0x40cd2d,0x40e4f0,0x40e636,0x40fbe6,0x40fd97,0x40fd9e,0x410126,0x410141,0x410460,0x4119ab,0x4104d6,0x4118b3,end_cond_end_list
add_pair_to_block,0x40814e,266986501,1419461,0,0x408561,1,start_bbl_list,0x40814e,0x408167,0x408168,0x408168,0x408169,0x4081b0,0x4081b1,0x4081b1,0x4081b2,0x4081d1,0x408215,0x40826b,0x40826c,0x40826f,0x408270,0x4082f1,0x4082f2,0x4082f5,0x4082f6,0x4083de,0x4083df,0x4083e0,0x4083e1,0x4083ed,0x4081d2,0x4081d2,0x4081d3,0x4081d6,0x4081d7,0x4081db,0x4081dc,0x4081df,0x4081e0,0x4081e4,0x4081e5,0x408210,0x408211,0x408214,end_bbl_list,start_cond_end_list,0x4081d1,0x408210,0x4081d6,0x40826b,0x4081df,0x4082f1,end_cond_end_list
BZ2_blockSort,0x40424b,143301403,20,0,0x411ae2,1,start_bbl_list,0x40424b,0x4042a3,0x4042cf,0x4042e0,0x4042e1,0x4042e1,0x4042e2,0x4042fb,0x4042fc,0x4042fc,0x4042fd,0x404308,0x404309,0x404309,0x40430a,0x404359,0x40435a,0x40435d,0x40435e,0x404362,0x4043be,0x4043c3,0x40440e,0x404420,0x404421,0x404421,0x404422,0x40443a,0x404448,0x404456,0x404457,0x404457,0x404458,0x404462,0x40446e,0x40446f,0x4042a4,0x4042a4,0x4042a5,0x4042c5,0x4042c6,0x4042ce,0x404363,0x404363,0x404364,0x404376,0x404377,0x404377,0x404378,0x40437d,0x40437e,0x4043bd,0x4043c4,0x4043c4,0x4043c5,0x4043c9,0x4043ca,0x4043ca,0x4043cb,0x4043e4,0x4043e5,0x40440d,0x40443b,0x40443b,0x40443c,0x404446,0x404447,0x404447,0x404463,0x404463,0x404464,0x404469,0x40446a,0x40446d,end_bbl_list,start_cond_end_list,0x4042a3,0x4042ca,0x4042e0,0x4042e2,0x4042fb,0x4042fd,0x404308,0x40430a,0x404362,0x4043b9,0x4043c3,0x404409,0x40443a,0x404446,0x404462,0x404469,0x404376,0x40437d,0x4043c9,0x4043e4,end_cond_end_list
bsW,0x40c1e8,60907611,1441527,0,0x41024e,1,start_bbl_list,0x40c1e8,0x40c1f6,0x40c1f7,0x40c1f7,0x40c1f8,0x40c269,0x40c26a,0x40c26a,0x40c26b,0x40c2ba,end_bbl_list,start_cond_end_list,end_cond_end_list
BZ2_hbMakeCodeLengths,0x417594,27556881,480,0,0x40fd58,1,start_bbl_list,0x417594,0x4175c0,0x4175c1,0x4175c1,0x4175c2,0x4175e3,0x417603,0x41761f,0x417620,0x417620,0x417621,0x417656,0x417657,0x41765a,0x41765b,0x417693,0x417694,0x417694,0x417695,0x4176d7,0x4176d8,0x4176d8,0x4176d9,0x4176f5,0x4176f6,0x4176fa,0x4176fb,0x417702,0x417713,0x417713,0x417714,0x417717,0x417718,0x41775b,0x417762,0x417768,0x417769,0x417769,0x41776a,0x417799,0x41779a,0x41779a,0x41779b,0x4177c2,0x4177c6,0x4177e4,0x4177e5,0x4177e8,0x4177e9,0x41783b,0x417842,0x417848,0x417849,0x417849,0x41784a,0x417879,0x41787a,0x41787a,0x41787b,0x4178a2,0x4178a6,0x4178c4,0x4178c5,0x4178c8,0x4178c9,0x417992,0x417993,0x417993,0x417994,0x4179d6,0x4179d7,0x4179d7,0x4179d8,0x4179eb,0x4179ec,0x4179f0,0x4179f1,0x4179f8,0x417a04,0x417a0f,0x417a10,0x417a10,0x417a11,0x417a1e,0x417a1f,0x417a1f,0x417a20,0x417a41,0x417a42,0x417a42,0x417a43,0x417a64,0x417a65,0x417a65,0x417a66,0x417a77,0x417a78,0x417a78,0x417a79,0x417a7d,0x417a7e,0x417a7e,0x417a7f,0x417a7f,0x417ad6,0x417ad7,0x4175e4,0x4175e4,0x4175e5,0x417601,0x417602,0x417602,0x417703,0x417703,0x417704,0x417709,0x41770a,0x417712,0x41775c,0x41775c,0x41775d,0x41775d,0x41775e,0x417761,0x4177c3,0x4177c3,0x4177c4,0x4177c4,0x4177c5,0x4177c5,0x41783c,0x41783c,0x41783d,0x41783d,0x41783e,0x417841,0x4178a3,0x4178a3,0x4178a4,0x4178a4,0x4178a5,0x4178a5,0x4179f9,0x4179f9,0x4179fa,0x4179ff,0x417a00,0x417a03,0x417a80,0x417ad5,end_bbl_list,start_cond_end_list,0x4175e3,0x417601,0x417702,0x41770e,0x41775b,0x41775d,0x417768,0x41779b,0x417799,0x41779b,0x4177c2,0x4177c4,0x41783b,0x41783d,0x417848,0x41787b,0x417879,0x41787b,0x4178a2,0x4178a4,0x4179f8,0x4179ff,0x417a64,0x417a66,0x417a7d,0x417a7f,end_cond_end_list
copy_output_until_stop,0x4087b3,21785631,99,0,0x4088bb,1,start_bbl_list,0x4087b3,0x4087cb,0x4087d2,0x4087e2,0x4087e9,0x408862,0x408879,0x408879,0x40887a,0x40887d,0x40887e,0x408883,0x4087cc,0x4087cc,0x4087cd,0x4087cd,0x4087ce,0x4087d1,0x4087e3,0x4087e3,0x4087e4,0x4087e4,0x4087e5,0x4087e8,0x408863,0x408863,0x408864,0x408874,0x408875,0x408878,end_bbl_list,start_cond_end_list,0x4087cb,0x4087cd,0x4087e2,0x4087e4,0x408862,0x408874,end_cond_end_list
mmed3,0x402b87,10532092,591143,0,0x402d92,1,start_bbl_list,0x402b87,0x402ba0,0x402ba1,0x402ba1,0x402ba2,0x402bbe,0x402bbf,0x402bbf,0x402bc0,0x402bce,0x402bcf,0x402bcf,0x402bd0,0x402bdc,end_bbl_list,start_cond_end_list,0x402ba0,0x402bb4,0x402bbe,0x402bd4,0x402bce,0x402bd4,end_cond_end_list
BZ2_hbAssignCodes,0x417ad8,934514,120,0,0x410004,1,start_bbl_list,0x417ad8,0x417afb,0x417afc,0x417afc,0x417afd,0x417b04,0x417b05,0x417b05,0x417b06,0x417b1c,0x417b1d,0x417b1d,0x417b1e,0x417b45,0x417b46,0x417b46,0x417b47,0x417b54,0x417b55,0x417b55,0x417b56,0x417b57,end_bbl_list,start_cond_end_list,0x417b1c,0x417b37,end_cond_end_list
BZ2_bzWrite,0x40abbf,312798,4170,0,0x404872,1,start_bbl_list,0x40abbf,0x40abe3,0x40abe4,0x40abe4,0x40abe5,0x40abf4,0x40abf5,0x40abf5,0x40abf6,0x40ac09,0x40ac18,0x40ac1d,0x40ac1e,0x40ac47,0x40ac48,0x40ac55,0x40ac87,0x40ac91,0x40ac92,0x40ac95,0x40ac96,0x40ac98,0x40acca,0x40acce,0x40ad00,0x40ad4f,0x40ad50,0x40ad53,0x40ad54,0x40ad5b,0x40ad8b,0x40ad9a,0x40ae22,0x40ae2e,0x40ae5a,0x40ae5a,0x40ae5b,0x40ae5e,0x40ae5f,0x40ae60,0x40ac0a,0x40ac0a,0x40ac0b,0x40ac10,0x40ac11,0x40ac11,0x40ac12,0x40ac16,0x40ac17,0x40ac17,0x40ac56,0x40ac56,0x40ac57,0x40ac5c,0x40ac5d,0x40ac5d,0x40ac5e,0x40ac6d,0x40ac6e,0x40ac86,0x40ac99,0x40ac99,0x40ac9a,0x40ac9f,0x40aca0,0x40aca0,0x40aca1,0x40acb0,0x40acb1,0x40acc9,0x40accf,0x40accf,0x40acd0,0x40acd5,0x40acd6,0x40acd6,0x40acd7,0x40ace6,0x40ace7,0x40acff,0x40ad5c,0x40ad5c,0x40ad5d,0x40ad62,0x40ad63,0x40ad63,0x40ad64,0x40ad72,0x40ad73,0x40ad8a,0x40ad9b,0x40ad9f,0x40ada0,0x40add5,0x40add6,0x40add9,0x40adda,0x40ade3,0x40adf8,0x40adfd,0x40adfe,0x40adfe,0x40adff,0x40ae0e,0x40ae0f,0x40ae21,0x40ae2f,0x40ae2f,0x40ae30,0x40ae35,0x40ae36,0x40ae36,0x40ae37,0x40ae46,0x40ae47,0x40ae47,0x40ae48,0x40ae56,0x40ae57,0x40ae59,0x40ade4,0x40ade4,0x40ade5,0x40adef,0x40adf0,0x40adf3,0x40adf4,0x40adf6,0x40adf7,0x40adf7,end_bbl_list,start_cond_end_list,0x40abe3,0x40abe9,0x40abf4,0x40abfa,0x40ac09,0x40ac16,0x40ac1d,0x40ac23,0x40ac55,0x40ac82,0x40ac98,0x40acc5,0x40acce,0x40acfb,0x40ad5b,0x40ad86,0x40ad9a,0x40ae20,0x40ae2e,0x40ae58,0x40ac10,0x40ac16,0x40ac16,0x40ac43,0x40ac5c,0x40ac62,0x40ac6d,0x40ac7d,0x40ac9f,0x40aca5,0x40acb0,0x40acc0,0x40acd5,0x40acdb,0x40ace6,0x40acf6,0x40ad62,0x40ad6b,0x40ad72,0x40ad81,0x40ade3,0x40adf6,0x40adfd,0x40ae03,0x40ae0e,0x40ae1e,0x40ae35,0x40ae3b,0x40ae46,0x40ae56,0x40adf6,0x40ae20,end_cond_end_list
handle_compress,0x408884,182888,4250,0,0x408ab2,1,start_bbl_list,0x408884,0x4088ae,0x408949,0x408953,0x4089f6,0x4089f6,0x4089f7,0x4089fa,0x4089fb,0x4089ff,0x408a07,0x408a0c,0x408a13,0x408a14,0x4088af,0x4088b3,0x4088b4,0x4088bb,0x4088bc,0x4088bf,0x4088c0,0x4088d3,0x4088da,0x4088e4,0x408906,0x40890d,0x40890e,0x408911,0x408912,0x408927,0x408928,0x408928,0x408929,0x408932,0x408933,0x408933,0x408934,0x40893b,0x40893c,0x408948,0x408954,0x408958,0x408959,0x408960,0x408961,0x408964,0x408965,0x408972,0x4089b6,0x4089c6,0x4089e6,0x4089f2,0x4089f3,0x4089f3,0x4089f4,0x4089f4,0x4089f5,0x4089f5,0x408a00,0x408a00,0x408a01,0x408a05,0x408a06,0x408a06,0x408a0d,0x408a12,0x4088d4,0x4088d4,0x4088d5,0x4088d5,0x4088d6,0x4088d9,0x4088e5,0x4088e5,0x4088e6,0x4088ef,0x4088f0,0x4088f0,0x4088f1,0x4088f8,0x4088f9,0x4088fc,0x4088fd,0x4088ff,0x408900,0x408900,0x408901,0x408901,0x408902,0x408905,0x408973,0x408973,0x408974,0x40897d,0x40897e,0x40897e,0x40897f,0x408986,0x408987,0x40898a,0x40898b,0x4089a4,0x4089a5,0x4089a8,0x4089a9,0x4089b4,0x4089b5,0x4089b5,0x4089c7,0x4089c7,0x4089c8,0x4089d4,0x4089d5,0x4089d8,0x4089d9,0x4089e4,0x4089e5,0x4089e5,end_bbl_list,start_cond_end_list,0x4088ae,0x408944,0x408953,0x4089f4,0x4089ff,0x408a05,0x4088d3,0x4088d5,0x4088e4,0x408901,0x408927,0x408944,0x408932,0x408944,0x408972,0x4089b4,0x4089c6,0x4089e4,0x4089f2,0x4089f4,0x408a05,0x408a0c,0x4088ef,0x408901,0x4088ff,0x408901,0x40897d,0x4089b4,end_cond_end_list
BZ2_bzCompress,0x408a15,140377,4250,0,0x40ad4f,1,start_bbl_list,0x408a15,0x408a29,0x408a35,0x408a46,0x408a52,0x408a5d,0x408a69,0x408a73,0x408aa5,0x408aa9,0x408ad1,0x408ad5,0x408af5,0x408af9,0x408afa,0x408afa,0x408afb,0x408b14,0x408b15,0x408bac,0x408bad,0x408bb1,0x408bbd,0x408bd0,0x408bd9,0x408be0,0x408be1,0x408be4,0x408be5,0x408bec,0x408bf5,0x408bfe,0x408c22,0x408c27,0x408c40,0x408c41,0x408a2a,0x408a2a,0x408a2b,0x408a30,0x408a31,0x408a34,0x408a47,0x408a47,0x408a48,0x408a4d,0x408a4e,0x408a51,0x408a5e,0x408a5e,0x408a5f,0x408a64,0x408a65,0x408a68,0x408a74,0x408a74,0x408a75,0x408a78,0x408a84,0x408a87,0x408a88,0x408a8c,0x408a8d,0x408a90,0x408a91,0x408a95,0x408a96,0x408a96,0x408a97,0x408aa4,0x408aaa,0x408aaa,0x408aab,0x408ab2,0x408ab3,0x408ab6,0x408ab7,0x408abe,0x408abf,0x408abf,0x408ac0,0x408ac5,0x408acc,0x408acc,0x408acd,0x408ad0,0x408ad6,0x408ad6,0x408ad7,0x408af0,0x408af1,0x408af4,0x408bb2,0x408bb2,0x408bb3,0x408bb8,0x408bb9,0x408bbc,0x408bd1,0x408bd1,0x408bd2,0x408bd7,0x408bd8,0x408bd8,0x408bed,0x408bed,0x408bee,0x408bf3,0x408bf4,0x408bf4,0x408bff,0x408bff,0x408c00,0x408c07,0x408c08,0x408c0b,0x408c0c,0x408c0e,0x408c0f,0x408c0f,0x408c10,0x408c20,0x408c29,0x408c39,0x408c3a,0x408c3f,0x408a79,0x408a79,0x408a7a,0x408a7d,0x408a7e,0x408a83,0x408ac6,0x408acb,0x408c21,0x408c21,0x408c28,0x408c28,end_bbl_list,start_cond_end_list,0x408a29,0x408a30,0x408a46,0x408a4d,0x408a5d,0x408a64,0x408a73,0x408aa0,0x408aa9,0x408acc,0x408ad5,0x408af0,0x408af9,0x408b14,0x408bb1,0x408bb8,0x408bd0,0x408bd7,0x408bec,0x408bf3,0x408bfe,0x408c20,0x408a78,0x408a7f,0x408a87,0x408b1e,0x408a90,0x408ba8,0x408abe,0x408ac5,0x408c0e,0x408c20,0x408c20,0x408c27,0x408a7d,0x408a96,end_cond_end_list
compressStream,0x404707,125192,1,0,0x406235,1,start_bbl_list,0x404707,0x404732,0x404733,0x404736,0x404737,0x404739,0x404740,0x40474a,0x40474b,0x40474e,0x40474f,0x404751,0x404758,0x40477e,0x40477f,0x404782,0x404783,0x40478f,0x404796,0x40479f,0x4047b5,0x4047bf,0x4047c0,0x4047c3,0x4047c4,0x4047c6,0x404816,0x404834,0x404835,0x404838,0x404839,0x404846,0x404847,0x40484a,0x40484b,0x40484d,0x404854,0x404858,0x404877,0x40487f,0x404886,0x404886,0x404887,0x40488f,0x404890,0x40489a,0x40489b,0x40489e,0x40489f,0x4048a1,0x4048a8,0x4048b2,0x4048b3,0x4048b6,0x4048b7,0x4048be,0x4048c5,0x4048d3,0x4048fd,0x404912,0x404913,0x404916,0x404917,0x404919,0x404920,0x40492a,0x40492b,0x40492e,0x40492f,0x404936,0x40493d,0x404945,0x404aa9,0x404aa9,0x404b1a,0x404b1b,0x40473a,0x40473a,0x40473b,0x40473b,0x40473c,0x40473f,0x404752,0x404752,0x404753,0x404753,0x404754,0x404757,0x404790,0x404790,0x404791,0x404791,0x404792,0x404795,0x4047a0,0x4047a0,0x4047a1,0x4047b0,0x4047b1,0x4047b4,0x4047c7,0x4047c7,0x4047c8,0x404805,0x404806,0x404809,0x40480a,0x404812,0x404813,0x404813,0x404814,0x404814,0x404815,0x404815,0x40484e,0x40484e,0x40484f,0x40484f,0x404850,0x404853,0x404859,0x404859,0x40485a,0x404872,0x404873,0x404876,0x404880,0x404880,0x404881,0x404881,0x404882,0x404885,0x4048a2,0x4048a2,0x4048a3,0x4048a3,0x4048a4,0x4048a7,0x4048bf,0x4048bf,0x4048c0,0x4048c0,0x4048c1,0x4048c4,0x4048d4,0x4048d4,0x4048d5,0x4048df,0x4048e0,0x4048e3,0x4048e4,0x4048f6,0x4048f7,0x4048f7,0x4048f8,0x4048f8,0x4048f9,0x4048fc,0x40491a,0x40491a,0x40491b,0x40491b,0x40491c,0x40491f,0x404937,0x404937,0x404938,0x404938,0x404939,0x40493c,0x404946,0x40494a,0x40494b,0x404953,0x404954,0x404954,0x404955,0x40495d,0x40495e,0x404aa8,0x404aaa,0x404b19,end_bbl_list,start_cond_end_list,0x404739,0x40473b,0x404751,0x404753,0x40478f,0x404791,0x40479f,0x4047b0,0x4047c6,0x404814,0x40484d,0x40484f,0x404858,0x404872,0x40487f,0x404881,0x4048a1,0x4048a3,0x4048be,0x4048c0,0x4048d3,0x4048f8,0x404919,0x40491b,0x404936,0x404938,0x404945,0x404aa7,0x404812,0x40488b,0x4048f6,0x4048f8,0x404953,0x40497d,0x40495d,0x40497d,end_cond_end_list
myfeof,0x4046c7,75074,4171,0,0x4047bf,1,start_bbl_list,0x4046c7,0x4046da,0x4046db,0x4046de,0x4046df,0x4046e6,0x4046ef,0x4046fb,0x4046fc,0x4046ff,0x404700,0x404706,0x4046e7,0x4046e7,0x4046e8,0x4046ed,0x4046ee,0x4046ee,end_bbl_list,start_cond_end_list,0x4046e6,0x4046ed,end_cond_end_list
makeMaps_e,0x40c358,67660,20,0,0x40c412,1,start_bbl_list,0x40c358,0x40c372,0x40c373,0x40c373,0x40c374,0x40c387,0x40c388,0x40c388,0x40c389,0x40c3be,0x40c3bf,0x40c3bf,0x40c3c0,0x40c3c1,end_bbl_list,start_cond_end_list,0x40c387,0x40c3b0,end_cond_end_list
prepare_new_block,0x407d2d,36280,20,0,0x40890d,1,start_bbl_list,0x407d2d,0x407d6b,0x407d6c,0x407d6c,0x407d6d,0x407d89,0x407d8a,0x407d8a,0x407d8b,0x407da3,end_bbl_list,start_cond_end_list,end_cond_end_list
ferror@plt,0x400da0,8449,8447,0,0x0,1,start_bbl_list,0x400da0,0x400da0,0x400da1,0x400da5,0x400da6,0x400dab,end_bbl_list,start_cond_end_list,end_cond_end_list
fgetc@plt,0x400e10,4173,4171,0,0x4046da,1,start_bbl_list,0x400e10,0x400e10,0x400e11,0x400e15,0x400e16,0x400e1b,end_bbl_list,start_cond_end_list,end_cond_end_list
ungetc@plt,0x400ed0,4172,4170,0,0x4046fb,1,start_bbl_list,0x400ed0,0x400ed0,0x400ed1,0x400ed5,0x400ed6,0x400edb,end_bbl_list,start_cond_end_list,end_cond_end_list
fread@plt,0x400dc0,4172,4170,0,0x404834,1,start_bbl_list,0x400dc0,0x400dc0,0x400dc1,0x400dc5,0x400dc6,0x400dcb,end_bbl_list,start_cond_end_list,end_cond_end_list
BZ2_compressBlock,0x4119fd,2258,20,0,0x4089d4,1,start_bbl_list,0x4119fd,0x411a17,0x411ae7,0x411b10,0x411b6f,0x411b78,0x411c44,0x411c48,0x411d0a,0x411d0b,0x411a18,0x411a1c,0x411a1d,0x411a7b,0x411a7c,0x411a7c,0x411a7d,0x411a95,0x411adb,0x411ae2,0x411ae3,0x411ae6,0x411b11,0x411b11,0x411b12,0x411b19,0x411b1a,0x411b1d,0x411b1e,0x411b2a,0x411b2b,0x411b2e,0x411b2f,0x411b3b,0x411b3c,0x411b3f,0x411b40,0x411b4c,0x411b4d,0x411b50,0x411b51,0x411b6a,0x411b6b,0x411b6e,0x411b79,0x411b7d,0x411b7e,0x411b8a,0x411b8b,0x411b8e,0x411b8f,0x411b9b,0x411b9c,0x411b9f,0x411ba0,0x411bac,0x411bad,0x411bb0,0x411bb1,0x411bbd,0x411bbe,0x411bc1,0x411bc2,0x411bce,0x411bcf,0x411bd2,0x411bd3,0x411bdf,0x411be0,0x411be3,0x411be4,0x411bf7,0x411bf8,0x411bfb,0x411bfc,0x411c0d,0x411c0e,0x411c11,0x411c12,0x411c27,0x411c28,0x411c2b,0x411c2c,0x411c33,0x411c34,0x411c37,0x411c38,0x411c3f,0x411c40,0x411c43,0x411c49,0x411c4d,0x411c4e,0x411c5a,0x411c5b,0x411c5e,0x411c5f,0x411c6b,0x411c6c,0x411c6f,0x411c70,0x411c7c,0x411c7d,0x411c80,0x411c81,0x411c8d,0x411c8e,0x411c91,0x411c92,0x411c9e,0x411c9f,0x411ca2,0x411ca3,0x411caf,0x411cb0,0x411cb3,0x411cb4,0x411cc7,0x411cc8,0x411ccb,0x411ccc,0x411cd9,0x411cfe,0x411d05,0x411d06,0x411d09,0x411a96,0x411a96,0x411a97,0x411ad6,0x411ad7,0x411ada,0x411cda,0x411cda,0x411cdb,0x411cf9,0x411cfa,0x411cfd,end_bbl_list,start_cond_end_list,0x411a17,0x411ae2,0x411b10,0x411b6a,0x411b78,0x411c3f,0x411c48,0x411d05,0x411a7b,0x411a81,0x411a95,0x411ad6,0x411cd9,0x411cf9,end_cond_end_list
bsPutUChar,0x40c330,1690,130,0,0x0,1,start_bbl_list,0x40c330,0x40c351,0x40c352,0x40c355,0x40c356,0x40c357,end_bbl_list,start_cond_end_list,end_cond_end_list
main,0x40706b,1024,1,0,0x0,1,start_bbl_list,0x40706b,0x407109,0x40710a,0x40710d,0x40710e,0x407118,0x407119,0x40711c,0x40711d,0x407127,0x407128,0x40712b,0x40712c,0x407136,0x407137,0x40713a,0x40713b,0x40714a,0x40714b,0x40714e,0x40714f,0x407162,0x407163,0x407163,0x407164,0x40716d,0x40716e,0x40716e,0x40716f,0x40718c,0x40718d,0x40718d,0x40718e,0x4071a2,0x4071a3,0x4071a6,0x4071a7,0x4071b3,0x4071b4,0x4071b7,0x4071b8,0x4071bf,0x4071c0,0x4071c0,0x4071c1,0x4071e2,0x4071e3,0x4071e6,0x4071e7,0x4071f8,0x4071f9,0x4071f9,0x4071fa,0x40721a,0x40721b,0x40721b,0x40721c,0x40722b,0x40722c,0x40722f,0x407230,0x407232,0x40723a,0x407246,0x407250,0x407269,0x40726a,0x40726d,0x40726e,0x407278,0x407279,0x407279,0x40727a,0x407284,0x407285,0x407288,0x407289,0x4072a0,0x4072a1,0x4072a5,0x4072a6,0x4072ae,0x4072bc,0x4072df,0x4072e0,0x4072e3,0x4072e4,0x4072e7,0x407302,0x40731b,0x40731c,0x40731f,0x407320,0x407323,0x407370,0x407382,0x407383,0x407383,0x407384,0x407389,0x40738a,0x407395,0x407396,0x40739e,0x40739f,0x4073a2,0x4073a3,0x4073b2,0x4073b3,0x4073b6,0x4073b7,0x4073b9,0x4073c0,0x4073cc,0x40759d,0x4075ae,0x4075af,0x4075b3,0x4075b4,0x4075bc,0x4075bd,0x4075c0,0x4075c1,0x4075d0,0x4075d1,0x4075d4,0x4075d5,0x4075d7,0x4075de,0x4075ed,0x4075ee,0x4075f1,0x4075f2,0x4075f4,0x407605,0x407614,0x407615,0x407618,0x407619,0x40761b,0x40762c,0x40763b,0x40763c,0x40763f,0x407640,0x407642,0x407653,0x407662,0x407663,0x407666,0x407667,0x407669,0x407677,0x407686,0x407687,0x40768a,0x40768b,0x40768d,0x40769e,0x4076ad,0x4076ae,0x4076b1,0x4076b2,0x4076b4,0x4076c2,0x4076d1,0x4076d2,0x4076d5,0x4076d6,0x4076d8,0x4076e6,0x4076f5,0x4076f6,0x4076f9,0x4076fa,0x4076fc,0x40770a,0x407719,0x40771a,0x40771d,0x40771e,0x407720,0x40772c,0x40773b,0x40773c,0x40773f,0x407740,0x407742,0x40774e,0x40775d,0x40775e,0x407761,0x407762,0x407764,0x407775,0x407784,0x407785,0x407788,0x407789,0x40778b,0x4077a1,0x4077b0,0x4077b1,0x4077b4,0x4077b5,0x4077b7,0x4077cd,0x4077dc,0x4077dd,0x4077e0,0x4077e1,0x4077e3,0x4077f4,0x407803,0x407804,0x407807,0x407808,0x40780a,0x40781b,0x40782a,0x40782b,0x40782e,0x40782f,0x407831,0x407847,0x407856,0x407857,0x40785a,0x40785b,0x40785d,0x407878,0x40788c,0x40788d,0x407890,0x407891,0x407893,0x4078d5,0x4078e6,0x4078e7,0x4078eb,0x4078ec,0x4078f5,0x4078f6,0x4078f6,0x4078f7,0x40790a,0x40792c,0x407935,0x40796c,0x407975,0x407976,0x407976,0x407977,0x40797f,0x407980,0x407980,0x407981,0x407994,0x407995,0x407995,0x407996,0x4079a9,0x4079d8,0x4079e1,0x4079e2,0x4079e6,0x4079e7,0x4079f0,0x407a01,0x407a0d,0x407a0e,0x407a0e,0x407a0f,0x407a1e,0x407a1f,0x407a22,0x407a23,0x407a25,0x407a2d,0x407a39,0x407a43,0x407a5c,0x407a5d,0x407a60,0x407a61,0x407a72,0x407a73,0x407a73,0x407a74,0x407a74,0x407c1b,0x407c23,0x407c24,0x407c24,0x407c25,0x407c3b,0x407c4c,0x407c53,0x407c54,0x407c57,0x407c58,0x407c65,0x407c66,0x407c66,0x407c67,0x407c6e,0x407233,0x407233,0x407234,0x407238,0x407239,0x407239,0x407247,0x407247,0x407248,0x40724c,0x40724d,0x40724d,0x40724e,0x40724e,0x40724f,0x40724f,0x4072af,0x4072af,0x4072b0,0x4072ba,0x4072bb,0x4072bb,0x4072e8,0x4072e8,0x4072e9,0x4072f8,0x4072f9,0x4072fc,0x4072fd,0x407300,0x407301,0x407301,0x407324,0x407324,0x407325,0x407334,0x407335,0x407338,0x407339,0x40733c,0x40733d,0x40733d,0x40733e,0x40734d,0x40734e,0x407351,0x407352,0x407355,0x407356,0x407356,0x407357,0x407366,0x407367,0x40736a,0x40736b,0x40736e,0x40736f,0x40736f,0x4073ba,0x4073ba,0x4073bb,0x4073bb,0x4073bc,0x4073bf,0x4073cd,0x4073d1,0x4073d2,0x4073e2,0x4073e3,0x4073e7,0x4073e8,0x4073ef,0x4073f0,0x4073f3,0x4073f4,0x40740f,0x407410,0x407414,0x407415,0x40741f,0x407420,0x40744d,0x40744e,0x407455,0x40757f,0x407597,0x407598,0x40759c,0x4075d8,0x4075d8,0x4075d9,0x4075d9,0x4075da,0x4075dd,0x4075f5,0x4075f5,0x4075f6,0x407600,0x407601,0x407604,0x40761c,0x40761c,0x40761d,0x407627,0x407628,0x40762b,0x407643,0x407643,0x407644,0x40764e,0x40764f,0x407652,0x40766a,0x40766a,0x40766b,0x407672,0x407673,0x407676,0x40768e,0x40768e,0x40768f,0x407699,0x40769a,0x40769d,0x4076b5,0x4076b5,0x4076b6,0x4076bd,0x4076be,0x4076c1,0x4076d9,0x4076d9,0x4076da,0x4076e1,0x4076e2,0x4076e5,0x4076fd,0x4076fd,0x4076fe,0x407705,0x407706,0x407709,0x407721,0x407721,0x407722,0x407722,0x407723,0x40772b,0x407743,0x407743,0x407744,0x407744,0x407745,0x40774d,0x407765,0x407765,0x407766,0x407770,0x407771,0x407774,0x40778c,0x40778c,0x40778d,0x407797,0x407798,0x4077a0,0x4077b8,0x4077b8,0x4077b9,0x4077c3,0x4077c4,0x4077cc,0x4077e4,0x4077e4,0x4077e5,0x4077ef,0x4077f0,0x4077f3,0x40780b,0x40780b,0x40780c,0x407816,0x407817,0x40781a,0x407832,0x407832,0x407833,0x407842,0x407843,0x407846,0x40785e,0x40785e,0x40785f,0x407869,0x40786a,0x407877,0x407894,0x407894,0x407895,0x4078b7,0x4078b8,0x4078d4,0x40790b,0x40790b,0x40790c,0x407915,0x407916,0x407916,0x407917,0x407920,0x407921,0x40792b,0x407936,0x407936,0x407937,0x407940,0x407941,0x407941,0x407942,0x40795d,0x40795e,0x40796b,0x4079aa,0x4079aa,0x4079ab,0x4079b5,0x4079b6,0x4079b9,0x4079ba,0x4079c4,0x4079c5,0x4079c8,0x4079c9,0x4079d3,0x4079d4,0x4079d7,0x4079f1,0x4079f1,0x4079f2,0x4079f7,0x4079f8,0x407a00,0x407a26,0x407a26,0x407a27,0x407a2b,0x407a2c,0x407a2c,0x407a3a,0x407a3a,0x407a3b,0x407a3f,0x407a40,0x407a40,0x407a41,0x407a41,0x407a42,0x407a42,0x407a75,0x407c1a,0x407c3c,0x407c3c,0x407c3d,0x407c47,0x407c48,0x407c4b,0x407456,0x407468,0x407469,0x407470,0x407471,0x40757e,end_bbl_list,start_cond_end_list,0x40716d,0x407177,0x407232,0x407238,0x407246,0x40724e,0x407278,0x407289,0x4072ae,0x4072ba,0x4072e7,0x407300,0x407323,0x40736e,0x407382,0x407389,0x4073b9,0x4073bb,0x4073cc,0x407597,0x4075d7,0x4075d9,0x4075f4,0x407600,0x40761b,0x407627,0x407642,0x40764e,0x407669,0x407672,0x40768d,0x407699,0x4076b4,0x4076bd,0x4076d8,0x4076e1,0x4076fc,0x407705,0x407720,0x407727,0x407742,0x407749,0x407764,0x407770,0x40778b,0x40779c,0x4077b7,0x4077c8,0x4077e3,0x4077ef,0x40780a,0x407816,0x407831,0x407842,0x40785d,0x407873,0x407893,0x4078d0,0x4078f5,0x4078f7,0x40790a,0x407922,0x407935,0x407967,0x407975,0x407981,0x40797f,0x407981,0x407994,0x407996,0x4079a9,0x4079d3,0x4079e1,0x407a74,0x4079f0,0x4079fc,0x407a25,0x407a2b,0x407a39,0x407a41,0x407c3b,0x407c47,0x40724c,0x40724e,0x407300,0x407302,0x40733c,0x40736e,0x407355,0x40736e,0x40736e,0x407390,0x4073e2,0x407597,0x40740f,0x40753a,0x407915,0x407922,0x407920,0x407922,0x407940,0x407967,0x407a3f,0x407a41,end_cond_end_list
bsPutUInt32,0x40c2bb,714,21,0,0x411bf7,1,start_bbl_list,0x40c2bb,0x40c2de,0x40c2df,0x40c2e2,0x40c2e3,0x40c2f8,0x40c2f9,0x40c2fc,0x40c2fd,0x40c312,0x40c313,0x40c316,0x40c317,0x40c329,0x40c32a,0x40c32d,0x40c32e,0x40c32f,end_bbl_list,start_cond_end_list,end_cond_end_list
BZ2_bzWriteClose64,0x40aeaa,294,1,0,0x404805,1,start_bbl_list,0x40aeaa,0x40aed6,0x40af08,0x40af15,0x40af47,0x40af51,0x40af52,0x40af55,0x40af56,0x40af58,0x40af8a,0x40af8f,0x40af90,0x40af90,0x40af91,0x40afa0,0x40afa1,0x40afa1,0x40afa2,0x40afb1,0x40afb2,0x40afb2,0x40afb3,0x40afc2,0x40afc3,0x40afc3,0x40afc4,0x40afd2,0x40b109,0x40b10d,0x40b174,0x40b179,0x40b17a,0x40b17a,0x40b17b,0x40b190,0x40b191,0x40b191,0x40b192,0x40b1a7,0x40b1a8,0x40b1a8,0x40b1a9,0x40b1be,0x40b1bf,0x40b1bf,0x40b1c0,0x40b1d5,0x40b1d6,0x40b1d6,0x40b1d7,0x40b1e6,0x40b1e7,0x40b1e7,0x40b1e8,0x40b203,0x40b204,0x40b207,0x40b208,0x40b20f,0x40b210,0x40b213,0x40b214,0x40b215,0x40aed7,0x40aed7,0x40aed8,0x40aedd,0x40aede,0x40aede,0x40aedf,0x40aeee,0x40aeef,0x40af07,0x40af16,0x40af16,0x40af17,0x40af1c,0x40af1d,0x40af1d,0x40af1e,0x40af2d,0x40af2e,0x40af46,0x40af59,0x40af59,0x40af5a,0x40af5f,0x40af60,0x40af60,0x40af61,0x40af70,0x40af71,0x40af89,0x40afd3,0x40afd7,0x40afd8,0x40afe4,0x40afe5,0x40afe9,0x40afea,0x40b01d,0x40b01e,0x40b021,0x40b022,0x40b029,0x40b05f,0x40b06e,0x40b0fc,0x40b100,0x40b104,0x40b104,0x40b105,0x40b108,0x40b10e,0x40b10e,0x40b10f,0x40b119,0x40b11a,0x40b11d,0x40b11e,0x40b120,0x40b121,0x40b121,0x40b122,0x40b12c,0x40b12d,0x40b130,0x40b131,0x40b13b,0x40b13c,0x40b13f,0x40b140,0x40b142,0x40b143,0x40b143,0x40b144,0x40b149,0x40b14a,0x40b14a,0x40b14b,0x40b15a,0x40b15b,0x40b173,0x40b02a,0x40b02a,0x40b02b,0x40b02f,0x40b030,0x40b030,0x40b031,0x40b036,0x40b037,0x40b05e,0x40b06f,0x40b073,0x40b074,0x40b0a9,0x40b0aa,0x40b0ad,0x40b0ae,0x40b0b7,0x40b0cc,0x40b0d1,0x40b0d2,0x40b0d2,0x40b0d3,0x40b0e2,0x40b0e3,0x40b0fb,0x40b101,0x40b101,0x40b102,0x40b102,0x40b103,0x40b103,0x40b0b8,0x40b0b8,0x40b0b9,0x40b0c3,0x40b0c4,0x40b0c7,0x40b0c8,0x40b0ca,0x40b0cb,0x40b0cb,end_bbl_list,start_cond_end_list,0x40aed6,0x40af03,0x40af15,0x40af42,0x40af58,0x40af85,0x40af8f,0x40af95,0x40afa0,0x40afa6,0x40afb1,0x40afb7,0x40afc2,0x40afc8,0x40afd2,0x40b104,0x40b10d,0x40b16f,0x40b179,0x40b189,0x40b190,0x40b1a0,0x40b1a7,0x40b1b7,0x40b1be,0x40b1ce,0x40b1d5,0x40b1db,0x40b1e6,0x40b1ec,0x40aedd,0x40aee3,0x40aeee,0x40aefe,0x40af1c,0x40af22,0x40af2d,0x40af3d,0x40af5f,0x40af65,0x40af70,0x40af80,0x40afe4,0x40b104,0x40b029,0x40b05a,0x40b06e,0x40b0f7,0x40b100,0x40b102,0x40b120,0x40b16f,0x40b142,0x40b16f,0x40b149,0x40b14f,0x40b15a,0x40b16a,0x40b02f,0x40b05a,0x40b036,0x40b03f,0x40b0b7,0x40b0ca,0x40b0d1,0x40b0d7,0x40b0e2,0x40b0f2,0x40b0ca,0x40b0f7,end_cond_end_list
compress,0x405b4a,192,1,0,0x407a5c,1,start_bbl_list,0x405b4a,0x405b6b,0x405b82,0x405b8b,0x405b8c,0x405b90,0x405b91,0x405b94,0x405bc2,0x405bd1,0x405bd2,0x405bd5,0x405bd6,0x405be5,0x405be6,0x405be9,0x405bea,0x405bfe,0x405bff,0x405c00,0x405c01,0x405c01,0x405c02,0x405c02,0x405c03,0x405c1d,0x405c43,0x405c4c,0x405c9b,0x405ca4,0x405cfc,0x405d03,0x405d04,0x405d04,0x405d05,0x405d1a,0x405d1b,0x405d1e,0x405d1f,0x405d21,0x405d72,0x405d7a,0x405d7b,0x405d7b,0x405d7c,0x405d85,0x405d92,0x405da1,0x405da2,0x405da5,0x405da6,0x405db6,0x405dec,0x405df5,0x405e4f,0x405e58,0x405eb3,0x405ebc,0x405f28,0x405f31,0x405f3d,0x405f46,0x405f47,0x405f4b,0x405f4c,0x405f4f,0x4060de,0x4060e8,0x4060e9,0x4060ec,0x4060ed,0x4060fb,0x4060fc,0x4060ff,0x406100,0x406109,0x406166,0x40616b,0x4061c8,0x4061c8,0x4061d4,0x4061dc,0x406215,0x406235,0x406236,0x406239,0x40623a,0x40624e,0x406284,0x40628c,0x405b6c,0x405b6c,0x405b6d,0x405b76,0x405b77,0x405b77,0x405b78,0x405b7d,0x405b7e,0x405b81,0x405b95,0x405b95,0x405b96,0x405b99,0x405b9a,0x405bc1,0x405c1e,0x405c42,0x405c4d,0x405c4d,0x405c4e,0x405c53,0x405c54,0x405c57,0x405c58,0x405c5a,0x405c5b,0x405c5b,0x405c5c,0x405c65,0x405c66,0x405c66,0x405c67,0x405c87,0x405c88,0x405c9a,0x405ca5,0x405ca5,0x405ca6,0x405cab,0x405cac,0x405caf,0x405cb0,0x405cb2,0x405cb3,0x405cb3,0x405cb4,0x405cb4,0x405cb5,0x405cfb,0x405d22,0x405d22,0x405d23,0x405d2c,0x405d2d,0x405d2d,0x405d2e,0x405d5e,0x405d5f,0x405d71,0x405d86,0x405d86,0x405d87,0x405d90,0x405d91,0x405d91,0x405db7,0x405db7,0x405db8,0x405dd8,0x405dd9,0x405deb,0x405df6,0x405df6,0x405df7,0x405e00,0x405e01,0x405e01,0x405e02,0x405e07,0x405e08,0x405e4e,0x405e59,0x405e59,0x405e5a,0x405e5f,0x405e60,0x405e63,0x405e64,0x405e66,0x405e67,0x405e67,0x405e68,0x405e71,0x405e72,0x405e72,0x405e73,0x405e78,0x405e79,0x405e7c,0x405e7d,0x405e7d,0x405e7e,0x405eb2,0x405ebd,0x405ebd,0x405ebe,0x405ec7,0x405ec8,0x405ec8,0x405ec9,0x405ece,0x405ecf,0x405f27,0x405f32,0x405f32,0x405f33,0x405f38,0x405f39,0x405f3c,0x405f50,0x405f54,0x405f55,0x405f58,0x405f59,0x4060dd,0x40610a,0x40610a,0x40610b,0x40610b,0x40610c,0x406165,0x40616c,0x40616c,0x40616d,0x40616d,0x40616e,0x4061c7,0x4061c9,0x4061d3,0x4061dd,0x4061dd,0x4061de,0x4061f7,0x4061f8,0x406214,0x40624f,0x40624f,0x406250,0x406255,0x406256,0x406259,0x40625a,0x40626a,0x40626b,0x40626b,0x40626c,0x406271,0x406272,0x406283,end_bbl_list,start_cond_end_list,0x405b6b,0x405b7d,0x405b8b,0x405c1d,0x405b94,0x405bbd,0x405c4c,0x405c96,0x405ca4,0x405cf7,0x405d21,0x405d6d,0x405d85,0x405d90,0x405db6,0x405de7,0x405df5,0x405e4a,0x405e58,0x405eae,0x405ebc,0x405f23,0x405f31,0x405f38,0x405f46,0x405fe4,0x405f4f,0x4060d9,0x406109,0x406161,0x40616b,0x4061c3,0x4061dc,0x406210,0x40624e,0x40627f,0x405b76,0x405b7d,0x405b99,0x405c42,0x405c5a,0x405c96,0x405c65,0x405c87,0x405cb2,0x405cf7,0x405d2c,0x405d5e,0x405d90,0x405de7,0x405e00,0x405e4a,0x405e66,0x405eae,0x405e71,0x405e7d,0x405ec7,0x405f23,0x405f58,0x4061c8,0x40626a,0x40627f,end_cond_end_list
BZ2_bzCompressInit,0x407df3,160,1,0,0x40ab5b,1,start_bbl_list,0x407df3,0x407e08,0x407e09,0x407e0c,0x407e0d,0x407e0f,0x407e1b,0x407e20,0x407e3d,0x407e42,0x407e43,0x407e46,0x407e47,0x407e4b,0x407e4c,0x407e4c,0x407e4d,0x407e5f,0x407e60,0x407e60,0x407e61,0x407e78,0x407e79,0x407e79,0x407e7a,0x407ea3,0x407ea4,0x407ea4,0x407ea5,0x407eae,0x407eba,0x407f15,0x407f16,0x407f16,0x407f17,0x407f42,0x407f43,0x407f43,0x407f44,0x407f69,0x407f6a,0x407f6a,0x407f6b,0x407f7e,0x407f7f,0x407f7f,0x407f80,0x407f8b,0x407f8c,0x407f8c,0x407f8d,0x407f98,0x408052,0x408136,0x408137,0x40813a,0x40813b,0x408142,0x408143,0x408146,0x408147,0x40814d,0x407e10,0x407e10,0x407e11,0x407e16,0x407e17,0x407e1a,0x407e21,0x407e21,0x407e22,0x407e26,0x407e27,0x407e27,0x407e28,0x407e2c,0x407e2d,0x407e2d,0x407e2e,0x407e32,0x407e33,0x407e33,0x407e34,0x407e3b,0x407e3c,0x407e3c,0x407eaf,0x407eaf,0x407eb0,0x407eb5,0x407eb6,0x407eb9,0x407f99,0x408051,end_bbl_list,start_cond_end_list,0x407e0f,0x407e16,0x407e20,0x407e3b,0x407e4b,0x407e4d,0x407e5f,0x407e65,0x407e78,0x407e7e,0x407eae,0x407eb5,0x407f7e,0x407f98,0x407f8b,0x407f98,0x407f98,0x40804d,0x407e26,0x407e3b,0x407e2c,0x407e3b,0x407e32,0x407e3b,0x407e3b,0x407e42,end_cond_end_list
snocString,0x406e6e,138,5,1,0x4071e2,1,start_bbl_list,0x406e6e,0x406e83,0x406ec7,0x406ecf,0x406ed0,0x406ed0,0x406ed1,0x406ee8,0x406ee9,0x406ee9,0x406eea,0x406efc,0x406efd,0x406f00,0x406f01,0x406f0e,0x406e84,0x406e84,0x406e85,0x406e85,0x406e86,0x406e89,0x406e8a,0x406e95,0x406e96,0x406e99,0x406e9a,0x406e9f,0x406ea0,0x406ea3,0x406ea4,0x406ebc,0x406ebd,0x406ec0,0x406ec1,0x406ec5,0x406ec6,0x406ec6,end_bbl_list,start_cond_end_list,0x406e83,0x406ec5,end_cond_end_list
hasSuffix,0x405a5a,128,4,0,0x405d1a,1,start_bbl_list,0x405a5a,0x405a71,0x405a72,0x405a75,0x405a76,0x405a80,0x405a81,0x405a84,0x405a85,0x405a8e,0x405a97,0x405ab6,0x405ab7,0x405aba,0x405abb,0x405abd,0x405ac6,0x405acc,0x405a8f,0x405a8f,0x405a90,0x405a95,0x405a96,0x405a96,0x405abe,0x405abe,0x405abf,0x405ac4,0x405ac5,0x405ac5,end_bbl_list,start_cond_end_list,0x405a8e,0x405a95,0x405abd,0x405ac4,end_cond_end_list
copyFileName,0x4057c8,105,5,0,0x0,1,start_bbl_list,0x4057c8,0x4057df,0x4057e0,0x4057e3,0x4057e4,0x4057ea,0x405825,0x405838,0x405839,0x40583c,0x40583d,0x40584b,0x4057eb,0x4057eb,0x4057ec,0x405809,0x40580a,0x405824,end_bbl_list,start_cond_end_list,0x4057ea,0x405820,end_cond_end_list
fwrite@plt,0x400f60,101,99,0,0x40add5,1,start_bbl_list,0x400f60,0x400f60,0x400f61,0x400f65,0x400f66,0x400f6b,end_bbl_list,start_cond_end_list,end_cond_end_list
myMalloc,0x406e0d,84,6,0,0x0,1,start_bbl_list,0x406e0d,0x406e20,0x406e21,0x406e24,0x406e25,0x406e2e,0x406e35,0x406e3a,0x406e2f,0x406e2f,0x406e30,0x406e30,0x406e31,0x406e34,end_bbl_list,start_cond_end_list,0x406e2e,0x406e30,end_cond_end_list
BZ2_bzWriteOpen,0x40a98b,81,1,0,0x40477e,1,start_bbl_list,0x40a98b,0x40a9b2,0x40a9b3,0x40a9b3,0x40a9b4,0x40a9c3,0x40a9c4,0x40a9c4,0x40a9c5,0x40a9d8,0x40aa01,0x40aa06,0x40aa07,0x40aa07,0x40aa08,0x40aa17,0x40aa18,0x40aa30,0x40aa31,0x40aa38,0x40aa39,0x40aa3c,0x40aa3d,0x40aa3f,0x40aa71,0x40aa76,0x40aa77,0x40aa7a,0x40aa7b,0x40aa84,0x40aab6,0x40aabb,0x40aabc,0x40aabc,0x40aabd,0x40aacc,0x40aacd,0x40aacd,0x40aace,0x40ab3c,0x40ab45,0x40ab5b,0x40ab5c,0x40ab5f,0x40ab60,0x40ab67,0x40aba0,0x40abbe,0x40a9d9,0x40a9d9,0x40a9da,0x40a9de,0x40a9df,0x40a9df,0x40a9e0,0x40a9e4,0x40a9e5,0x40a9e5,0x40a9e6,0x40a9ea,0x40a9eb,0x40a9eb,0x40a9ec,0x40a9f3,0x40a9f4,0x40a9f4,0x40a9f5,0x40a9f9,0x40a9fa,0x40a9fa,0x40a9fb,0x40a9ff,0x40aa00,0x40aa00,0x40aa40,0x40aa40,0x40aa41,0x40aa46,0x40aa47,0x40aa47,0x40aa48,0x40aa57,0x40aa58,0x40aa70,0x40aa85,0x40aa85,0x40aa86,0x40aa8b,0x40aa8c,0x40aa8c,0x40aa8d,0x40aa9c,0x40aa9d,0x40aab5,0x40ab3d,0x40ab44,0x40ab68,0x40ab68,0x40ab69,0x40ab6e,0x40ab6f,0x40ab6f,0x40ab70,0x40ab7e,0x40ab7f,0x40ab9f,end_bbl_list,start_cond_end_list,0x40a9b2,0x40a9b8,0x40a9c3,0x40a9c9,0x40a9d8,0x40a9ff,0x40aa06,0x40aa0c,0x40aa17,0x40aa1d,0x40aa3f,0x40aa6c,0x40aa84,0x40aab1,0x40aabb,0x40aac1,0x40aacc,0x40aad2,0x40ab3c,0x40ab3e,0x40ab67,0x40ab9e,0x40a9de,0x40a9ff,0x40a9e4,0x40a9ff,0x40a9ea,0x40a9ff,0x40a9f3,0x40a9ff,0x40a9f9,0x40a9ff,0x40a9ff,0x40aa2c,0x40aa46,0x40aa4c,0x40aa57,0x40aa5d,0x40aa8b,0x40aa91,0x40aa9c,0x40aaa2,0x40ab6e,0x40ab77,0x40ab7e,0x40ab87,end_cond_end_list
bsFinishWrite,0x40c16a,70,1,0,0x411d05,1,start_bbl_list,0x40c16a,0x40c172,0x40c173,0x40c173,0x40c174,0x40c1e4,0x40c1e5,0x40c1e5,0x40c1e6,0x40c1e7,end_bbl_list,start_cond_end_list,end_cond_end_list
strcmp@plt,0x400e50,69,67,0,0x405ab6,1,start_bbl_list,0x400e50,0x400e50,0x400e51,0x400e55,0x400e56,0x400e5b,end_bbl_list,start_cond_end_list,end_cond_end_list
BZ2_bzCompressEnd,0x408c42,68,1,0,0x40b203,1,start_bbl_list,0x408c42,0x408c53,0x408c5f,0x408c70,0x408c7c,0x408c87,0x408c93,0x408c9e,0x408cc0,0x408ccb,0x408ced,0x408cf8,0x408d1a,0x408d38,0x408d39,0x408d39,0x408d3a,0x408d4c,0x408c54,0x408c54,0x408c55,0x408c5a,0x408c5b,0x408c5e,0x408c71,0x408c71,0x408c72,0x408c77,0x408c78,0x408c7b,0x408c88,0x408c88,0x408c89,0x408c8e,0x408c8f,0x408c92,0x408c9f,0x408c9f,0x408ca0,0x408cbe,0x408cbf,0x408cbf,0x408ccc,0x408ccc,0x408ccd,0x408ceb,0x408cec,0x408cec,0x408cf9,0x408cf9,0x408cfa,0x408d18,0x408d19,0x408d19,end_bbl_list,start_cond_end_list,0x408c53,0x408c5a,0x408c70,0x408c77,0x408c87,0x408c8e,0x408c9e,0x408cbe,0x408ccb,0x408ceb,0x408cf8,0x408d18,end_cond_end_list
default_bzalloc,0x407cdb,60,4,0,0x0,1,start_bbl_list,0x407cdb,0x407cf9,0x407cfa,0x407cfd,0x407cfe,0x407d07,end_bbl_list,start_cond_end_list,end_cond_end_list
.plt,0x400d10,52,26,0,0x0,1,start_bbl_list,0x400d10,0x400d16,end_bbl_list,start_cond_end_list,end_cond_end_list
isempty_RL,0x407dc4,50,5,0,0x408c07,1,start_bbl_list,0x407dc4,0x407dd8,0x407dec,0x407df2,0x407dd9,0x407dd9,0x407dda,0x407de3,0x407de4,0x407de4,0x407de5,0x407dea,0x407deb,0x407deb,end_bbl_list,start_cond_end_list,0x407dd8,0x407dea,0x407de3,0x407dea,end_cond_end_list
default_bzfree,0x407d08,48,4,0,0x0,1,start_bbl_list,0x407d08,0x407d1d,0x407d2b,0x407d2c,0x407d1e,0x407d1e,0x407d1f,0x407d26,0x407d27,0x407d2a,end_bbl_list,start_cond_end_list,0x407d1d,0x407d26,end_cond_end_list
fileExists,0x40584c,40,2,0,0x0,1,start_bbl_list,0x40584c,0x405864,0x405865,0x405868,0x405869,0x40587d,0x40588b,0x405890,0x40587e,0x40587e,0x40587f,0x405886,0x405887,0x40588a,end_bbl_list,start_cond_end_list,0x40587d,0x405886,end_cond_end_list
mkCell,0x406e3b,39,3,0,0x406e85,1,start_bbl_list,0x406e3b,0x406e48,0x406e49,0x406e4c,0x406e4d,0x406e6d,end_bbl_list,start_cond_end_list,end_cond_end_list
__libc_csu_init,0x417db0,34,1,0,0x0,1,start_bbl_list,0x417db0,0x417dde,0x417ddf,0x417de2,0x417de3,0x417de6,0x417e06,0x417e14,0x417de7,0x417de7,0x417de8,0x417df9,0x417dfa,0x417dfc,0x417dfd,0x417e04,0x417e05,0x417e05,end_bbl_list,start_cond_end_list,0x417de6,0x417e04,end_cond_end_list
applySavedMetaInfoToOutputFile,0x4059c7,33,1,0,0x406255,1,start_bbl_list,0x4059c7,0x4059f8,0x4059f9,0x4059fc,0x4059fd,0x405a04,0x405a0b,0x405a19,0x405a1a,0x405a1d,0x405a1e,0x405a25,0x405a2c,0x405a41,0x405a42,0x405a45,0x405a46,0x405a4a,0x405a05,0x405a05,0x405a06,0x405a06,0x405a07,0x405a0a,0x405a26,0x405a26,0x405a27,0x405a27,0x405a28,0x405a2b,end_bbl_list,start_cond_end_list,0x405a04,0x405a06,0x405a25,0x405a27,end_cond_end_list
addFlagsFromEnvVar,0x406f0f,26,2,0,0x0,1,start_bbl_list,0x406f0f,0x406f26,0x406f27,0x406f2a,0x406f2b,0x406f34,0x407069,0x40706a,0x406f35,0x406f39,0x406f3a,0x406f5b,0x406f5c,0x406f5c,0x406f5d,0x406f5d,0x406f5e,0x407068,end_bbl_list,start_cond_end_list,0x406f34,0x407064,0x406f5b,0x406f5d,end_cond_end_list
fopen_output_safely,0x405891,25,1,0,0x4060fb,1,start_bbl_list,0x405891,0x4058b7,0x4058b8,0x4058bb,0x4058bc,0x4058c3,0x4058cc,0x4058d8,0x4058d9,0x4058dc,0x4058dd,0x4058e6,0x4058f2,0x4058f7,0x4058c4,0x4058c4,0x4058c5,0x4058ca,0x4058cb,0x4058cb,0x4058e7,0x4058e7,0x4058e8,0x4058ed,0x4058ee,0x4058f1,end_bbl_list,start_cond_end_list,0x4058c3,0x4058ca,0x4058e6,0x4058ed,end_cond_end_list
strlen@plt,0x400de0,20,18,0,0x4057df,1,start_bbl_list,0x400de0,0x400de0,0x400de1,0x400de5,0x400de6,0x400deb,end_bbl_list,start_cond_end_list,end_cond_end_list
init_RL,0x407da4,18,2,0,0x0,1,start_bbl_list,0x407da4,0x407dc3,end_bbl_list,start_cond_end_list,end_cond_end_list
flush_RL,0x4083ee,16,1,0,0x408986,1,start_bbl_list,0x4083ee,0x408406,0x408414,0x40841b,0x40841c,0x40841f,0x408420,0x408421,0x408407,0x408407,0x408408,0x40840f,0x408410,0x408413,end_bbl_list,start_cond_end_list,0x408406,0x40840f,end_cond_end_list
malloc@plt,0x400eb0,13,11,0,0x406e20,1,start_bbl_list,0x400eb0,0x400eb0,0x400eb1,0x400eb5,0x400eb6,0x400ebb,end_bbl_list,start_cond_end_list,end_cond_end_list
free@plt,0x400d40,13,11,0,0x407d26,1,start_bbl_list,0x400d40,0x400d40,0x400d41,0x400d45,0x400d46,0x400d4b,end_bbl_list,start_cond_end_list,end_cond_end_list
saveInputFileMetaInfo,0x40599a,13,1,0,0x405f38,1,start_bbl_list,0x40599a,0x4059b2,0x4059b3,0x4059b6,0x4059b7,0x4059be,0x4059c5,0x4059c6,0x4059bf,0x4059bf,0x4059c0,0x4059c0,0x4059c1,0x4059c4,end_bbl_list,start_cond_end_list,0x4059be,0x4059c0,end_cond_end_list
register_tm_clones,0x401000,12,1,0,0x0,1,start_bbl_list,0x401000,0x401020,0x401021,0x401021,0x401022,0x401023,end_bbl_list,start_cond_end_list,0x401020,0x401023,end_cond_end_list
_start,0x400fa0,11,1,0,0x0,1,start_bbl_list,0x400fa0,0x400fc4,end_bbl_list,start_cond_end_list,end_cond_end_list
BZ2_bsInitWrite,0x40c144,9,1,0,0x411b19,1,start_bbl_list,0x40c144,0x40c169,end_bbl_list,start_cond_end_list,end_cond_end_list
strstr@plt,0x400f80,8,6,0,0x0,1,start_bbl_list,0x400f80,0x400f80,0x400f81,0x400f85,0x400f86,0x400f8b,end_bbl_list,start_cond_end_list,end_cond_end_list
stat,0x417e30,8,2,0,0x0,1,start_bbl_list,0x417e30,0x417e3b,end_bbl_list,start_cond_end_list,end_cond_end_list
deregister_tm_clones,0x400fd0,8,1,0,0x40104d,1,start_bbl_list,0x400fd0,0x400fe3,0x400fe4,0x400fe4,0x400fe5,0x400fe6,end_bbl_list,start_cond_end_list,0x400fe3,0x400fe6,end_cond_end_list
__do_global_dtors_aux,0x401040,8,1,0,0x0,1,start_bbl_list,0x401040,0x401047,0x401048,0x401048,0x401049,0x40104d,0x40104e,0x401051,0x401052,0x40105a,end_bbl_list,start_cond_end_list,0x401047,0x401053,end_cond_end_list
signal@plt,0x400e60,7,5,0,0x0,1,start_bbl_list,0x400e60,0x400e60,0x400e61,0x400e65,0x400e66,0x400e6b,end_bbl_list,start_cond_end_list,end_cond_end_list
strncpy@plt,0x400d60,7,5,0,0x405838,1,start_bbl_list,0x400d60,0x400d60,0x400d61,0x400d65,0x400d66,0x400d6b,end_bbl_list,start_cond_end_list,end_cond_end_list
_init,0x400cf0,6,1,0,0x417dde,1,start_bbl_list,0x400cf0,0x400cfe,0x400d05,0x400d09,0x400cff,0x400cff,0x400d00,0x400d00,0x400d01,0x400d04,end_bbl_list,start_cond_end_list,0x400cfe,0x400d00,end_cond_end_list
containsDubiousChars,0x405a4b,6,1,0,0x405c53,1,start_bbl_list,0x405a4b,0x405a59,end_bbl_list,start_cond_end_list,end_cond_end_list
fclose@plt,0x400dd0,6,4,0,0x405886,1,start_bbl_list,0x400dd0,0x400dd0,0x400dd1,0x400dd5,0x400dd6,0x400ddb,end_bbl_list,start_cond_end_list,end_cond_end_list
bz_config_ok,0x407cd0,5,1,0,0x407e08,1,start_bbl_list,0x407cd0,0x407cda,end_bbl_list,start_cond_end_list,end_cond_end_list
strcpy@plt,0x400d90,5,3,0,0x406ebc,1,start_bbl_list,0x400d90,0x400d90,0x400d91,0x400d95,0x400d96,0x400d9b,end_bbl_list,start_cond_end_list,end_cond_end_list
fopen@plt,0x400f20,5,3,0,0x405864,1,start_bbl_list,0x400f20,0x400f20,0x400f21,0x400f25,0x400f26,0x400f2b,end_bbl_list,start_cond_end_list,end_cond_end_list
strncmp@plt,0x400d80,5,3,0,0x40788c,1,start_bbl_list,0x400d80,0x400d80,0x400d81,0x400d85,0x400d86,0x400d8b,end_bbl_list,start_cond_end_list,end_cond_end_list
__xstat@plt,0x400ea0,4,2,0,0x0,1,start_bbl_list,0x400ea0,0x400ea0,0x400ea1,0x400ea5,0x400ea6,0x400eab,end_bbl_list,start_cond_end_list,end_cond_end_list
fflush@plt,0x400ec0,4,2,0,0x0,1,start_bbl_list,0x400ec0,0x400ec0,0x400ec1,0x400ec5,0x400ec6,0x400ecb,end_bbl_list,start_cond_end_list,end_cond_end_list
getenv@plt,0x400d20,4,2,0,0x406f26,1,start_bbl_list,0x400d20,0x400d20,0x400d21,0x400d25,0x400d26,0x400d2b,end_bbl_list,start_cond_end_list,end_cond_end_list
_fini,0x417e50,3,1,0,0x0,1,start_bbl_list,0x417e50,0x417e58,end_bbl_list,start_cond_end_list,end_cond_end_list
fdopen@plt,0x400ef0,3,1,0,0x4058d8,1,start_bbl_list,0x400ef0,0x400ef0,0x400ef1,0x400ef5,0x400ef6,0x400efb,end_bbl_list,start_cond_end_list,end_cond_end_list
utime@plt,0x400d30,3,1,0,0x405a19,1,start_bbl_list,0x400d30,0x400d30,0x400d31,0x400d35,0x400d36,0x400d3b,end_bbl_list,start_cond_end_list,end_cond_end_list
frame_dummy,0x401060,3,1,0,0x0,1,start_bbl_list,0x401060,0x401068,0x401088,0x401088,0x401069,0x401069,0x40106a,0x401072,0x401073,0x401073,0x401074,0x40107d,0x40107e,0x401087,end_bbl_list,start_cond_end_list,0x401068,0x401085,0x401072,0x401085,end_cond_end_list
remove@plt,0x400d70,3,1,0,0x405e78,1,start_bbl_list,0x400d70,0x400d70,0x400d71,0x400d75,0x400d76,0x400d7b,end_bbl_list,start_cond_end_list,end_cond_end_list
open@plt,0x400f10,3,1,0,0x4058b7,1,start_bbl_list,0x400f10,0x400f10,0x400f11,0x400f15,0x400f16,0x400f1b,end_bbl_list,start_cond_end_list,end_cond_end_list
chmod@plt,0x400f00,3,1,0,0x4059f8,1,start_bbl_list,0x400f00,0x400f00,0x400f01,0x400f05,0x400f06,0x400f0b,end_bbl_list,start_cond_end_list,end_cond_end_list
__libc_start_main@plt,0x400e40,3,1,0,0x400fc4,1,start_bbl_list,0x400e40,0x400e40,0x400e41,0x400e45,0x400e46,0x400e4b,end_bbl_list,start_cond_end_list,end_cond_end_list
chown@plt,0x400ee0,3,1,0,0x405a41,1,start_bbl_list,0x400ee0,0x400ee0,0x400ee1,0x400ee5,0x400ee6,0x400eeb,end_bbl_list,start_cond_end_list,end_cond_end_list
redundant,0x406ddb,0,0,0,0x0,1,start_bbl_list,end_bbl_list,start_cond_end_list,end_cond_end_list
notAStandardFile,0x4058f8,0,0,0,0x405e07,1,start_bbl_list,end_bbl_list,start_cond_end_list,end_cond_end_list
__gmon_start__@plt,0x400e80,0,0,0,0x400d00,1,start_bbl_list,end_bbl_list,start_cond_end_list,end_cond_end_list
fprintf@plt,0x400e70,0,0,0,0x0,1,start_bbl_list,end_bbl_list,start_cond_end_list,end_cond_end_list
ioError,0x4055fa,0,0,0,0x0,1,start_bbl_list,end_bbl_list,start_cond_end_list,end_cond_end_list
fputc@plt,0x400e30,0,0,0,0x4047b0,1,start_bbl_list,end_bbl_list,start_cond_end_list,end_cond_end_list
close@plt,0x400e20,0,0,0,0x4058ed,1,start_bbl_list,end_bbl_list,start_cond_end_list,end_cond_end_list
countHardLinks,0x405953,0,0,0,0x405ece,1,start_bbl_list,end_bbl_list,start_cond_end_list,end_cond_end_list
license,0x406d81,0,0,0,0x0,1,start_bbl_list,end_bbl_list,start_cond_end_list,end_cond_end_list
BZ2_bz__AssertH__fail,0x407c70,0,0,0,0x0,1,start_bbl_list,end_bbl_list,start_cond_end_list,end_cond_end_list
outOfMemory,0x4056f2,0,0,0,0x406e30,1,start_bbl_list,end_bbl_list,start_cond_end_list,end_cond_end_list
__errno_location@plt,0x400d50,0,0,0,0x0,1,start_bbl_list,end_bbl_list,start_cond_end_list,end_cond_end_list
fallbackSort,0x4018a2,0,0,0,0x4042c5,1,start_bbl_list,end_bbl_list,start_cond_end_list,end_cond_end_list
panic,0x405531,0,0,0,0x405b7d,1,start_bbl_list,end_bbl_list,start_cond_end_list,end_cond_end_list
usage,0x406da8,0,0,0,0x407869,1,start_bbl_list,end_bbl_list,start_cond_end_list,end_cond_end_list
